matrix_subject1v2,matrix_subject1v3,matrix_subject1v4,frequency_matrix_verb,word_form_similarity,frequency_CC_subject_head,subject_form_CC_subject1v2,subject_form_CC_subject1v3,subject_form_CC_subject1v4,position_matrix_verb,length_CC_remainder,length_CC_onset,length_matrix_verb_to_CC,that_omission,uid,genre
0,0,1,-8.576617852581057,0,-11.317457876506259,0,0,1,5,0,0,-14,0,3.4339872044851463,1
0,0,1,-8.966082619342782,0,-7.967553789231654,0,0,1,1,0,0,-5,0,1.6582280766035324,1
0,0,1,-8.576617852581057,0,-8.226415423147943,1,0,0,13,0,1,-3,0,3.4339872044851463,1
0,1,0,-7.405434871078112,0,-7.328473829941984,0,0,1,15,0,1,-1,1,3.2188758248682006,0
0,0,1,-8.544869154266477,0,-8.514097495599724,0,0,1,32,0,10,-3,0,1.3862943611198906,1
0,0,1,-7.5679538005758875,0,-5.497374946153897,0,1,0,2,0,1,-1,1,3.3440389678222067,0
0,1,0,-7.5679538005758875,0,-12.010605057066204,0,0,1,6,0,0,-1,1,3.3440389678222067,0
0,0,1,-6.654018782394191,0,-8.544869154266477,0,0,0,4,0,1,-1,1,1.9892904446855384,0
0,1,0,-6.654018782394191,0,-8.544869154266477,0,0,0,1,0,1,-1,1,1.9892904446855384,1
0,0,0,-6.1641662820084795,0,-10.624310695946313,0,0,0,28,0,1,-1,1,2.901999795891284,0
0,0,0,-6.654018782394191,0,-5.497374946153897,0,0,1,1,0,0,-2,1,1.9892904446855384,0
0,0,1,-7.328473829941984,0,-8.609407675404048,0,1,0,16,0,1,-1,1,2.890371757896165,1
0,0,1,-7.328473829941984,0,-8.544869154266477,0,0,1,9,0,0,-2,1,2.890371757896165,0
0,0,1,-7.328473829941984,0,-6.08101591367631,0,0,1,16,0,0,-4,0,2.890371757896165,0
0,0,0,-6.654018782394191,0,-6.419618076555347,0,0,1,1,0,0,-1,1,1.9892904446855384,0
0,0,1,-6.654018782394191,0,-12.010605057066204,0,0,1,10,0,0,-1,1,1.9892904446855384,1
0,0,0,-6.1641662820084795,0,-5.862136761148557,0,1,0,1,0,1,-1,1,2.901999795891284,1
0,1,0,-6.199464064089503,0,-9.302554855963994,0,1,0,1,0,1,-1,1,1.157180642819177,0
0,1,0,-9.302554855963994,0,-10.218845587838148,0,0,1,5,0,0,-2,1,2.70805020110221,0
0,0,1,-6.654018782394191,0,-7.006658751120745,0,0,1,0,0,0,-1,1,1.9892904446855384,0
0,0,1,-6.542544915931073,0,-5.497374946153897,0,0,0,0,0,1,-1,1,2.423537703411708,0
0,0,0,-6.654018782394191,0,-6.419618076555347,1,0,0,7,0,1,-1,1,1.9892904446855384,1
0,0,0,-6.654018782394191,0,-8.347043410936557,0,0,1,1,0,0,-1,1,1.9892904446855384,0
0,0,1,-9.066166077899764,0,-11.317457876506259,0,0,1,14,0,0,-2,1,1.845826690498331,0
1,0,0,-7.328473829941984,0,-9.525698407278204,0,0,1,30,0,0,-1,1,2.890371757896165,0
0,0,1,-9.066166077899764,0,-5.497374946153897,0,0,1,48,0,5,-3,0,1.845826690498331,0
0,0,0,-6.1641662820084795,0,-12.010605057066204,1,0,0,20,0,1,-1,1,2.901999795891284,0
0,0,0,-9.014872783512212,0,-8.347043410936557,0,0,1,1,0,0,-1,1,2.995732273553991,1
0,0,0,-9.014872783512212,0,-8.118784758955577,0,0,1,1,0,0,-1,1,2.995732273553991,0
0,1,0,-8.347043410936557,0,-10.624310695946313,0,0,1,20,0,2,-1,1,1.3609765531356008,0
0,0,0,-6.654018782394191,0,-7.4673102747962,0,0,1,3,0,2,-1,1,1.9892904446855384,1
0,0,1,-8.203942567295885,1,-7.5679538005758875,0,0,1,3,0,2,-3,0,2.70805020110221,0
0,0,1,-6.199464064089503,0,-5.862136761148557,0,1,0,6,0,1,6,1,1.157180642819177,1
0,0,0,-6.542544915931073,0,-10.218845587838148,0,0,1,4,0,0,-7,0,2.423537703411708,1
0,0,0,-8.347043410936557,0,-10.401167144632103,0,0,1,9,0,2,-1,1,1.3609765531356008,1
0,0,0,-6.654018782394191,0,-9.014872783512212,0,0,0,1,0,1,-1,1,1.9892904446855384,0
0,0,0,-8.347043410936557,0,-12.010605057066204,0,1,0,1,0,1,-3,0,1.3609765531356008,0
0,0,1,-6.199464064089503,0,-6.236053511521796,0,0,1,14,0,0,-1,1,1.157180642819177,0
0,0,1,-7.328473829941984,0,-7.762109815016845,0,0,1,3,0,3,-6,0,2.890371757896165,0
0,0,1,-6.199464064089503,0,-9.708019964072157,0,0,1,12,0,0,-3,0,1.157180642819177,0
0,0,1,-6.199464064089503,0,-10.911992768398093,0,0,1,16,0,0,-4,1,1.157180642819177,0
0,0,1,-9.302554855963994,0,-6.236053511521796,0,0,1,12,0,0,-2,1,2.70805020110221,1
0,0,1,-6.199464064089503,0,-10.624310695946313,0,0,1,4,0,0,-1,1,1.157180642819177,0
0,0,1,-9.302554855963994,0,-10.911992768398093,0,0,1,19,0,0,-8,0,2.70805020110221,1
0,1,0,-6.199464064089503,0,-10.911992768398093,0,0,1,1,0,0,-1,1,1.157180642819177,0
0,0,1,-6.199464064089503,0,-9.931163515386368,0,0,1,2,0,2,-1,1,1.157180642819177,0
0,0,1,-6.199464064089503,0,-10.911992768398093,0,0,1,25,0,0,1,1,1.157180642819177,1
0,0,1,-6.199464064089503,0,-11.317457876506259,0,0,1,2,0,0,-2,1,1.157180642819177,1
0,1,0,-6.199464064089503,0,-10.401167144632103,0,0,0,45,0,1,45,1,1.157180642819177,0
0,0,1,-6.199464064089503,0,-8.226415423147943,0,0,1,2,0,5,-1,1,1.157180642819177,0
0,0,1,-9.445655699604668,0,-6.481175969554781,0,0,1,2,0,5,-3,0,1.466337068793427,0
0,0,1,-6.199464064089503,0,-8.040313143514082,0,0,1,2,0,0,-1,1,1.157180642819177,1
0,1,0,-6.199464064089503,0,-10.401167144632103,0,0,1,1,0,0,-1,1,1.157180642819177,0
0,0,1,-6.199464064089503,0,-6.236053511521796,0,0,1,70,0,0,-2,1,1.157180642819177,1
0,0,1,-6.542544915931073,0,-11.317457876506259,0,0,1,50,0,0,-1,1,2.423537703411708,1
0,0,1,-9.708019964072157,0,-9.708019964072157,0,0,1,7,0,0,-5,0,1.6094379124341003,1
0,0,1,-6.199464064089503,0,-10.401167144632103,0,0,1,1,0,0,-1,1,1.157180642819177,1
0,0,1,-6.199464064089503,0,-11.317457876506259,0,0,1,2,0,0,-1,1,1.157180642819177,0
0,1,0,-6.199464064089503,0,-11.317457876506259,0,1,0,30,0,1,30,1,1.157180642819177,1
0,0,1,-6.199464064089503,0,-7.033871314645629,0,0,1,9,0,0,-1,1,1.157180642819177,0
0,1,0,-6.199464064089503,0,-11.317457876506259,0,0,1,1,0,0,-1,1,1.157180642819177,1
0,0,1,-8.544869154266477,0,-5.862136761148557,0,0,1,5,0,7,-1,1,1.3862943611198906,0
0,0,1,-6.199464064089503,0,-6.236053511521796,0,0,1,57,0,0,-1,1,1.157180642819177,1
0,0,1,-8.544869154266477,0,-6.236053511521796,0,0,1,13,0,0,-6,0,1.3862943611198906,1
0,0,1,-6.199464064089503,0,-10.911992768398093,0,0,1,16,0,0,1,1,1.157180642819177,1
0,0,1,-9.177391713009987,0,-10.911992768398093,0,0,1,22,0,0,-9,0,2.833213344056216,1
0,0,1,-7.5679538005758875,0,-6.702337359664999,0,0,1,28,0,0,-1,1,3.3440389678222067,0
0,1,0,-6.199464064089503,0,-10.624310695946313,0,0,1,2,0,0,1,1,1.157180642819177,0
0,0,1,-6.1641662820084795,0,-11.317457876506259,0,0,1,12,0,0,-5,0,2.901999795891284,0
0,0,0,-6.1641662820084795,0,-7.033871314645629,0,0,1,4,0,0,-1,1,2.901999795891284,1
0,0,1,-6.542544915931073,0,-9.445655699604668,0,0,1,19,0,2,-3,0,2.423537703411708,0
0,0,1,-6.654018782394191,0,-11.317457876506259,0,0,1,29,0,0,3,1,1.9892904446855384,1
0,0,1,-6.1641662820084795,0,-6.20246256708576,0,1,0,9,0,1,-1,1,2.901999795891284,0
0,0,1,-7.385632243781933,0,-10.911992768398093,0,0,1,11,0,0,-4,0,3.5263605246161616,1
0,0,1,-6.654018782394191,0,-10.624310695946313,0,0,1,6,0,0,-11,0,1.9892904446855384,0
0,0,1,-8.181963660577109,0,-7.556257760812696,0,0,1,9,0,0,-4,0,2.03688192726104,0
0,0,1,-7.4673102747962,0,-7.425637578395632,0,0,1,5,0,0,-1,1,2.751535313041949,0
0,0,1,-7.4673102747962,0,-12.010605057066204,0,0,1,2,0,0,-1,1,2.751535313041949,0
0,0,1,-6.654018782394191,0,-5.862136761148557,0,0,1,30,0,0,-4,0,1.9892904446855384,1
0,0,1,-6.199464064089503,0,-8.514097495599724,0,0,1,5,0,2,-1,1,1.157180642819177,1
0,0,1,-8.181963660577109,0,-8.427086118610093,0,0,1,16,0,1,-3,0,2.03688192726104,1
0,0,1,-8.514097495599724,0,-12.010605057066204,0,0,1,8,0,0,-14,0,2.803360380906535,1
0,0,1,-9.177391713009987,0,-6.086349259651672,0,0,1,8,0,0,-6,0,1.7346010553881064,1
0,1,0,-7.4673102747962,0,-10.401167144632103,0,0,1,14,0,8,-3,0,2.751535313041949,0
0,0,0,-6.654018782394191,0,-6.086349259651672,0,0,1,1,0,0,-4,0,1.9892904446855384,0
0,0,0,-9.708019964072157,1,-6.20246256708576,0,1,0,6,0,1,2,1,1.6094379124341003,1
0,0,1,-6.199464064089503,0,-10.624310695946313,0,0,1,4,0,0,-2,1,1.157180642819177,1
0,0,0,-6.654018782394191,0,-10.911992768398093,0,0,1,35,0,0,-4,1,1.9892904446855384,0
1,0,0,-6.1641662820084795,0,-6.702337359664999,0,0,1,17,0,0,-1,1,2.901999795891284,0
0,0,1,-6.1641662820084795,0,-10.401167144632103,0,0,1,4,0,0,-1,1,2.901999795891284,0
0,0,1,-6.199464064089503,0,-9.612709784267834,0,0,1,13,0,0,-5,0,1.157180642819177,0
0,0,0,-8.203942567295885,0,-7.405434871078112,0,0,1,40,0,0,2,1,2.70805020110221,0
0,0,1,-6.1641662820084795,0,-7.405434871078112,0,0,1,3,0,0,2,1,2.901999795891284,1
0,0,0,-6.654018782394191,0,-9.525698407278204,0,0,1,39,0,0,-1,1,1.9892904446855384,1
0,0,1,-8.544869154266477,0,-5.862136761148557,0,0,1,54,0,2,-1,1,1.3862943611198906,0
0,0,0,-6.654018782394191,0,-10.624310695946313,0,0,1,10,0,0,-1,1,1.9892904446855384,1
0,0,1,-9.066166077899764,0,-10.624310695946313,0,0,1,4,0,0,-2,1,1.845826690498331,1
0,0,0,-6.654018782394191,0,-10.624310695946313,0,0,1,9,0,0,-2,1,1.9892904446855384,0
0,0,1,-7.328473829941984,0,-9.238016334826423,0,0,1,2,0,0,-1,1,2.890371757896165,1
0,0,1,-9.238016334826423,0,-10.911992768398093,0,0,1,8,0,0,-2,1,1.1631508098056809,0
0,0,1,-7.385632243781933,0,-9.014872783512212,0,0,1,30,0,0,3,1,3.5263605246161616,0
0,0,1,-6.199464064089503,0,-12.010605057066204,0,0,1,2,0,6,-3,0,1.157180642819177,0
0,0,1,-8.544869154266477,0,-10.911992768398093,0,0,1,1,0,0,-1,1,1.3862943611198906,1
0,1,0,-7.4673102747962,0,-5.497374946153897,1,0,0,18,0,1,-1,1,2.751535313041949,0
0,1,0,-9.014872783512212,0,-6.481175969554781,0,0,1,15,0,0,-2,1,2.995732273553991,1
0,0,1,-8.544869154266477,0,-6.702337359664999,0,0,1,15,0,0,-2,1,1.3862943611198906,1
0,0,1,-8.544869154266477,0,-10.911992768398093,0,0,1,1,0,0,-1,1,1.3862943611198906,0
0,0,1,-9.238016334826423,0,-9.525698407278204,0,0,1,20,0,0,-1,1,2.772588722239781,1
0,0,1,-8.966082619342782,0,-8.966082619342782,0,0,1,26,0,5,-3,0,2.3513752571634776,1
0,1,0,-9.525698407278204,0,-12.010605057066204,0,0,1,3,0,0,-1,1,2.4849066497880004,0
0,0,1,-6.654018782394191,0,-7.405434871078112,0,0,1,4,0,0,4,1,1.9892904446855384,0
0,0,1,-7.068962634456899,0,-6.419618076555347,0,0,1,24,0,4,-1,1,4.248495242049359,1
0,0,1,-7.4673102747962,0,-8.347043410936557,0,0,1,5,0,0,-1,1,2.751535313041949,1
0,0,1,-9.066166077899764,0,-5.862136761148557,0,0,1,16,0,2,-1,1,1.845826690498331,1
0,0,0,-8.139404046158313,0,-6.08101591367631,0,0,0,4,0,1,-1,1,1.791759469228055,1
0,0,1,-6.654018782394191,0,-11.317457876506259,0,0,1,2,0,0,-2,1,1.9892904446855384,0
0,0,1,-6.1641662820084795,0,-12.010605057066204,0,0,1,5,0,0,-1,1,2.901999795891284,1
0,0,1,-6.1641662820084795,0,-7.328473829941984,0,0,0,4,0,1,-1,1,2.901999795891284,0
0,0,0,-6.654018782394191,0,-7.328473829941984,0,1,0,2,0,1,-1,1,1.9892904446855384,1
0,0,1,-6.654018782394191,0,-8.272935438782836,0,0,1,7,0,0,-1,1,1.9892904446855384,1
0,0,1,-6.654018782394191,0,-10.218845587838148,0,0,1,3,0,0,-1,1,1.9892904446855384,0
1,0,0,-7.4673102747962,0,-6.654018782394191,0,0,1,1,0,0,-2,1,2.751535313041949,0
0,0,1,-6.654018782394191,0,-7.033871314645629,1,0,0,3,0,1,-1,1,1.9892904446855384,1
0,0,0,-6.654018782394191,1,-8.752508519044722,0,0,1,3,0,0,-1,1,1.9892904446855384,0
0,0,1,-9.612709784267834,0,-8.272935438782836,0,1,0,9,0,1,-3,0,1.2992829841302609,0
0,1,0,-6.199464064089503,0,-10.624310695946313,0,0,1,12,0,0,-2,1,1.157180642819177,0
0,1,0,-6.199464064089503,0,-8.791729232198003,0,0,0,1,0,1,-1,1,1.157180642819177,1
0,0,0,-6.199464064089503,0,-10.911992768398093,0,0,1,2,0,0,-1,1,1.157180642819177,1
0,1,0,-6.199464064089503,0,-6.236053511521796,0,0,0,2,0,1,-1,1,1.157180642819177,1
0,0,0,-6.199464064089503,0,-5.862136761148557,0,0,1,33,0,2,-1,1,1.157180642819177,0
0,0,0,-6.199464064089503,0,-11.317457876506259,0,0,1,2,0,0,-1,1,1.157180642819177,0
0,0,0,-6.199464064089503,0,-12.010605057066204,0,0,1,1,0,0,-1,1,1.157180642819177,0
0,0,0,-8.203942567295885,0,-6.08101591367631,1,0,0,1,0,1,-1,1,2.70805020110221,0
0,0,0,-6.654018782394191,0,-11.317457876506259,0,0,1,3,0,0,-1,1,1.9892904446855384,1
0,0,0,-6.654018782394191,0,-9.931163515386368,0,0,1,1,0,0,-1,1,1.9892904446855384,1
0,0,0,-6.654018782394191,0,-7.068962634456899,0,1,0,5,0,1,-1,1,1.9892904446855384,1
0,0,1,-9.177391713009987,0,-9.177391713009987,0,1,0,4,0,1,-1,1,1.7346010553881064,0
0,0,1,-6.199464064089503,0,-12.010605057066204,0,0,1,5,0,0,5,1,1.157180642819177,1
0,0,1,-8.347043410936557,0,-10.911992768398093,0,1,0,6,0,1,-1,1,1.3609765531356008,1
0,0,1,-6.199464064089503,0,-9.525698407278204,0,0,1,8,0,0,-2,1,1.157180642819177,1
0,0,1,-6.199464064089503,0,-8.678400546891,0,0,1,10,0,1,10,1,1.157180642819177,0
0,1,0,-6.199464064089503,0,-6.742746898002876,0,1,0,7,0,1,7,1,1.157180642819177,1
0,1,0,-6.542544915931073,0,-12.010605057066204,0,0,1,15,0,0,-5,0,2.423537703411708,1
0,0,1,-6.199464064089503,0,-10.624310695946313,0,0,1,2,0,0,-1,1,1.157180642819177,0
0,0,0,-8.714768191061875,0,-12.010605057066204,0,0,1,1,0,0,-12,0,2.6026896854443837,1
0,0,1,-6.199464064089503,0,-10.624310695946313,0,0,1,23,0,0,-1,1,1.157180642819177,0
1,0,0,-9.371547727450945,0,-12.010605057066204,0,0,1,6,0,0,-1,1,1.9459101490553135,0
1,0,0,-6.654018782394191,0,-6.702337359664999,0,0,1,13,0,0,-2,1,1.9892904446855384,1
0,1,0,-6.199464064089503,0,-5.497374946153897,0,0,1,7,0,0,-1,1,1.157180642819177,0
0,0,0,-7.9852533663310545,0,-10.06469490801089,0,0,1,1,0,0,-1,1,2.639057329615259,1
0,0,0,-6.1641662820084795,0,-6.742746898002876,0,0,0,7,0,1,-1,1,2.901999795891284,0
0,0,0,-8.181963660577109,0,-5.862136761148557,0,0,1,4,0,5,-1,1,2.03688192726104,0
0,0,0,-7.9852533663310545,0,-5.497374946153897,0,0,1,1,0,3,-1,1,2.639057329615259,0
0,0,1,-7.967553789231654,0,-8.078779424341878,0,0,1,11,0,0,-1,1,3.349904087274605,1
0,0,0,-8.181963660577109,0,-12.010605057066204,0,0,1,1,0,0,-1,1,2.03688192726104,0
0,0,1,-8.966082619342782,0,-10.624310695946313,0,1,0,6,0,1,-1,1,1.6582280766035324,1
0,0,1,-8.347043410936557,0,-8.249404941372642,0,0,0,5,0,1,-1,1,1.3609765531356008,0
0,0,1,-6.1641662820084795,0,-12.010605057066204,0,0,1,8,0,0,-4,0,2.901999795891284,0
0,0,1,-6.1641662820084795,0,-7.9852533663310545,0,0,0,14,0,1,-3,0,2.901999795891284,0
0,0,1,-6.1641662820084795,0,-8.249404941372642,0,0,0,27,0,1,-3,0,2.901999795891284,0
0,0,1,-7.4673102747962,0,-9.066166077899764,0,0,1,28,0,0,-5,0,2.751535313041949,0
0,0,1,-6.199464064089503,0,-6.742746898002876,0,1,0,21,0,1,21,1,1.157180642819177,1
0,0,1,-6.199464064089503,0,-7.425637578395632,0,0,1,9,0,4,-2,1,1.157180642819177,1
0,0,1,-6.199464064089503,0,-8.45525699557679,0,1,0,5,0,1,-1,1,1.157180642819177,1
0,0,1,-6.199464064089503,0,-7.328473829941984,0,0,1,30,0,0,-1,1,1.157180642819177,1
0,0,1,-7.328473829941984,0,-7.033871314645629,0,0,1,5,0,0,-1,1,2.890371757896165,1
0,1,0,-6.199464064089503,0,-6.419618076555347,0,1,0,9,0,1,9,1,1.157180642819177,0
0,0,1,-6.199464064089503,0,-9.066166077899764,0,0,1,9,0,4,-1,1,1.157180642819177,0
0,0,1,-6.199464064089503,0,-10.911992768398093,0,0,1,1,0,0,-8,0,1.157180642819177,1
0,0,1,-6.199464064089503,0,-10.911992768398093,0,0,1,16,0,0,-3,1,1.157180642819177,0
0,0,1,-6.199464064089503,0,-10.218845587838148,0,0,1,28,0,0,-2,1,1.157180642819177,0
0,0,1,-6.199464064089503,0,-12.010605057066204,0,0,1,8,0,4,7,1,1.157180642819177,0
0,0,1,-8.966082619342782,0,-12.010605057066204,0,0,1,2,0,0,-4,0,2.3513752571634776,1
0,0,1,-6.199464064089503,0,-11.317457876506259,0,0,1,11,0,0,-1,1,1.157180642819177,1
0,0,1,-9.708019964072157,0,-5.862136761148557,0,0,1,6,0,1,-3,0,1.6094379124341003,0
0,0,1,-8.514097495599724,0,-10.218845587838148,0,0,1,9,0,0,-3,0,2.803360380906535,0
0,1,0,-6.1641662820084795,0,-7.510795386735939,0,0,1,1,0,3,-1,1,2.901999795891284,0
0,0,1,-8.181963660577109,0,-8.919562603707888,0,0,1,4,0,3,-1,1,2.03688192726104,1
0,0,1,-9.238016334826423,0,-7.628578422392322,0,0,1,1,0,0,-1,1,1.1631508098056809,0
0,0,0,-6.1641662820084795,0,-9.066166077899764,0,0,1,1,0,0,-1,1,2.901999795891284,0
0,0,1,-6.1641662820084795,0,-9.302554855963994,0,0,1,22,0,0,-2,1,2.901999795891284,0
0,0,0,-6.1641662820084795,0,-5.497374946153897,0,0,1,1,0,0,-2,1,2.901999795891284,0
0,0,0,-6.654018782394191,0,-7.385632243781933,0,0,1,1,0,0,-1,1,1.9892904446855384,1
0,0,1,-6.1641662820084795,0,-5.497374946153897,0,0,0,2,0,1,-1,1,2.901999795891284,0
0,0,0,-6.654018782394191,0,-8.875110841137055,0,0,1,1,0,0,-2,1,1.9892904446855384,1
0,0,1,-6.542544915931073,0,-10.06469490801089,0,0,1,22,0,0,-1,1,2.423537703411708,1
0,0,1,-6.199464064089503,0,-10.624310695946313,0,0,1,17,0,0,-1,1,1.157180642819177,1
0,0,1,-6.199464064089503,0,-10.624310695946313,0,0,1,15,0,0,-1,1,1.157180642819177,0
0,1,0,-6.199464064089503,0,-8.203942567295885,0,1,0,1,0,1,-1,1,1.157180642819177,1
0,0,1,-6.199464064089503,0,-10.624310695946313,0,0,1,19,0,0,-1,1,1.157180642819177,1
0,1,0,-6.199464064089503,0,-5.497374946153897,0,0,1,14,0,0,-2,1,1.157180642819177,1
0,1,0,-6.199464064089503,0,-5.862136761148557,0,0,1,11,0,7,-1,1,1.157180642819177,1
0,0,1,-6.199464064089503,0,-6.542544915931073,0,0,1,13,0,0,-4,0,1.157180642819177,0
0,0,1,-8.576617852581057,1,-9.612709784267834,0,0,1,4,0,0,5,1,3.4339872044851463,0
0,0,1,-8.832551226718259,0,-5.497374946153897,0,1,0,33,0,1,-3,0,1.5686159179138452,1
0,0,1,-8.544869154266477,0,-12.010605057066204,0,0,1,1,0,0,-3,0,1.3862943611198906,1
0,0,1,-9.708019964072157,0,-6.419618076555347,0,0,1,1,0,5,-3,0,1.6094379124341003,0
0,0,1,-8.544869154266477,0,-5.862136761148557,0,0,1,1,0,1,-1,1,1.3862943611198906,1
0,0,1,-8.544869154266477,0,-10.401167144632103,0,0,1,1,0,0,-1,1,1.3862943611198906,1
0,0,1,-9.708019964072157,0,-5.497374946153897,0,0,1,2,0,3,-1,1,1.6094379124341003,0
0,0,1,-6.1641662820084795,0,-11.317457876506259,0,0,1,7,0,0,-1,1,2.901999795891284,1
0,0,1,-8.544869154266477,0,-5.497374946153897,0,0,1,1,0,0,-4,1,1.3862943611198906,0
0,0,1,-7.385632243781933,0,-8.297032990361895,0,0,1,5,0,0,-10,0,3.5263605246161616,1
0,0,1,-8.181963660577109,0,-6.419618076555347,0,0,1,10,0,0,-4,0,2.03688192726104,1
0,0,1,-8.966082619342782,0,-7.405434871078112,0,0,1,10,0,0,-23,0,1.6582280766035324,0
0,0,1,-8.832551226718259,0,-6.419618076555347,0,0,1,36,0,0,-4,0,1.5686159179138452,0
0,0,1,-6.654018782394191,0,-8.249404941372642,0,0,1,30,0,2,-3,0,1.9892904446855384,0
0,0,1,-9.525698407278204,0,-9.931163515386368,0,0,1,6,0,0,2,1,2.4849066497880004,1
0,0,1,-8.966082619342782,0,-8.39968714442198,0,0,1,17,0,0,-4,0,1.6582280766035324,0
0,0,1,-8.576617852581057,0,-5.497374946153897,0,0,1,15,0,2,-3,0,3.4339872044851463,0
0,0,1,-8.576617852581057,0,-9.302554855963994,0,0,1,14,0,0,-40,0,3.4339872044851463,1
0,1,0,-7.385632243781933,0,-9.014872783512212,0,0,1,8,0,0,-21,0,3.5263605246161616,0
0,1,0,-7.385632243781933,0,-8.297032990361895,0,0,1,8,0,2,-3,0,3.5263605246161616,1
0,1,0,-7.006658751120745,0,-12.010605057066204,0,0,1,35,0,0,-5,0,2.9245047642656234,1
0,1,0,-7.385632243781933,0,-12.010605057066204,0,0,1,1,0,0,-6,0,3.5263605246161616,0
0,1,0,-8.791729232198003,0,-11.317457876506259,0,0,1,1,0,2,-3,0,2.5257286443082556,1
0,0,1,-7.385632243781933,0,-9.066166077899764,0,0,1,2,0,0,-2,0,3.5263605246161616,0
0,1,0,-7.006658751120745,0,-8.226415423147943,0,0,1,7,0,7,-3,0,2.9245047642656234,1
0,0,1,-8.544869154266477,0,-9.302554855963994,0,0,1,24,0,0,-1,1,1.3862943611198906,0
0,0,1,-7.006658751120745,0,-9.371547727450945,0,0,1,11,0,1,-3,0,2.9245047642656234,1
0,0,1,-8.181963660577109,0,-8.321725602952268,0,0,1,13,0,0,-6,0,2.03688192726104,0
0,1,0,-6.199464064089503,0,-6.199464064089503,0,0,1,5,0,0,-8,0,1.157180642819177,1
0,0,1,-8.078779424341878,0,-11.317457876506259,0,0,1,21,0,0,-4,0,3.2386784521643803,0
0,0,1,-8.919562603707888,0,-10.624310695946313,0,0,1,6,0,0,-6,0,3.0910424533583156,1
0,0,1,-7.068962634456899,0,-10.911992768398093,0,0,1,19,0,0,-11,0,4.248495242049359,1
0,1,0,-7.4673102747962,0,-12.010605057066204,0,0,1,19,0,0,-4,0,2.751535313041949,0
0,0,1,-7.385632243781933,0,-8.321725602952268,0,0,1,2,0,0,-11,0,3.5263605246161616,1
0,0,1,-7.385632243781933,0,-8.966082619342782,0,0,1,2,0,0,-4,0,3.5263605246161616,1
0,0,1,-8.576617852581057,0,-8.347043410936557,0,0,1,7,0,2,-3,0,3.4339872044851463,0
0,0,1,-7.967553789231654,0,-9.177391713009987,0,0,1,5,0,12,-3,0,3.349904087274605,1
0,0,1,-8.576617852581057,0,-6.481175969554781,0,0,1,32,0,0,-3,0,3.4339872044851463,1
0,0,1,-8.576617852581057,0,-8.966082619342782,0,0,1,21,0,2,-3,0,3.4339872044851463,0
0,1,0,-8.576617852581057,0,-10.06469490801089,0,0,1,1,0,0,-6,0,3.4339872044851463,0
0,1,0,-8.576617852581057,0,-8.678400546891,0,0,1,1,0,0,-4,0,3.4339872044851463,1
0,0,1,-7.385632243781933,0,-10.911992768398093,0,0,1,36,0,0,-4,0,3.5263605246161616,1
0,0,1,-7.4673102747962,0,-5.497374946153897,0,0,1,5,0,2,-3,0,2.751535313041949,0
0,0,1,-6.199464064089503,0,-8.003271871833732,0,0,1,5,0,0,-8,0,1.157180642819177,1
0,0,1,-9.238016334826423,0,-12.010605057066204,0,0,1,12,0,0,-7,0,2.0794415416798357,1
0,0,1,-8.966082619342782,0,-10.911992768398093,0,0,1,20,0,0,-13,0,1.6582280766035324,1
0,0,1,-8.078779424341878,0,-5.497374946153897,0,0,1,30,0,3,-3,0,3.2386784521643803,1
0,0,1,-8.576617852581057,0,-8.39968714442198,0,0,1,53,0,0,-5,0,3.4339872044851463,1
0,0,1,-8.576617852581057,0,-12.010605057066204,0,0,1,7,0,0,-8,0,3.4339872044851463,1
0,0,1,-9.238016334826423,0,-7.006658751120745,0,0,1,18,0,1,-3,0,2.772588722239781,0
0,0,1,-6.199464064089503,0,-10.911992768398093,0,0,1,3,0,0,-2,1,1.157180642819177,0
0,1,0,-6.1641662820084795,0,-9.612709784267834,0,0,1,7,0,0,-1,1,2.901999795891284,1
0,0,1,-6.1641662820084795,0,-5.497374946153897,0,1,0,10,0,1,-4,0,2.901999795891284,0
0,0,1,-9.612709784267834,0,-7.5679538005758875,0,1,0,3,0,1,-3,0,1.7047480922384253,0
0,0,1,-7.006658751120745,0,-9.014872783512212,0,1,0,3,0,1,-1,1,2.9245047642656234,0
0,0,1,-6.654018782394191,0,-11.317457876506259,0,0,1,14,0,0,-1,1,1.9892904446855384,1
0,1,0,-9.445655699604668,0,-10.401167144632103,0,0,1,5,0,0,-1,1,1.466337068793427,1
0,0,1,-6.654018782394191,0,-6.742746898002876,0,0,0,15,0,1,-18,0,1.9892904446855384,1
0,0,1,-6.199464064089503,0,-11.317457876506259,0,0,1,8,0,0,-1,1,1.157180642819177,1
0,0,1,-7.068962634456899,0,-12.010605057066204,0,0,1,27,0,0,-7,0,4.248495242049359,0
0,0,1,-8.078779424341878,0,-9.525698407278204,0,0,1,2,0,1,-1,1,3.2386784521643803,0
0,0,1,-9.066166077899764,0,-9.445655699604668,0,0,1,4,0,0,-1,1,1.845826690498331,1
0,0,0,-7.328473829941984,0,-5.862136761148557,0,0,1,9,0,1,-2,1,2.890371757896165,0
0,0,1,-6.542544915931073,0,-12.010605057066204,0,0,1,22,0,1,-1,1,2.423537703411708,0
0,0,0,-6.1641662820084795,0,-10.624310695946313,0,0,1,23,0,0,-1,1,2.901999795891284,1
0,0,1,-6.542544915931073,0,-9.813380479729984,0,0,1,13,0,0,7,1,2.423537703411708,1
0,0,1,-9.612709784267834,0,-6.542544915931073,0,0,0,13,0,1,-1,1,1.2992829841302609,0
0,0,0,-6.654018782394191,0,-7.328473829941984,0,0,1,1,0,0,-1,1,1.9892904446855384,0
0,0,1,-6.654018782394191,0,-5.862136761148557,0,0,1,12,0,2,-1,1,1.9892904446855384,0
0,0,0,-7.4673102747962,0,-12.010605057066204,0,0,1,27,0,0,-2,1,2.751535313041949,1
0,0,1,-6.654018782394191,0,-10.401167144632103,0,0,1,15,0,0,-1,1,1.9892904446855384,0
0,0,1,-6.1641662820084795,0,-6.20246256708576,0,0,1,22,0,0,-1,1,2.901999795891284,1
1,0,0,-6.199464064089503,0,-6.086349259651672,0,1,0,1,0,1,-1,1,1.157180642819177,1
0,0,1,-6.199464064089503,0,-10.911992768398093,0,0,1,13,0,0,-1,1,1.157180642819177,1
0,0,0,-6.1641662820084795,0,-8.321725602952268,0,0,1,2,0,0,-2,1,2.901999795891284,1
0,0,1,-6.199464064089503,0,-8.321725602952268,0,0,1,3,0,0,-5,0,1.157180642819177,1
0,0,0,-9.238016334826423,0,-7.8362177871705665,0,1,0,1,0,1,-1,1,1.1631508098056809,0
0,0,0,-6.654018782394191,0,-10.218845587838148,0,0,1,3,0,0,-1,1,1.9892904446855384,0
0,0,1,-6.1641662820084795,0,-6.742746898002876,0,1,0,3,0,1,-1,1,2.901999795891284,1
0,0,0,-6.654018782394191,0,-5.497374946153897,0,0,1,1,0,0,-1,1,1.9892904446855384,0
0,0,0,-6.654018782394191,0,-8.272935438782836,0,0,1,2,0,0,-1,1,1.9892904446855384,1
0,0,1,-6.654018782394191,0,-9.813380479729984,0,0,1,3,0,0,-4,0,1.9892904446855384,0
0,0,1,-6.199464064089503,0,-7.5446969384116205,0,0,1,15,0,0,-1,1,1.157180642819177,1
0,1,0,-6.199464064089503,0,-6.08101591367631,0,0,1,11,0,0,-3,1,1.157180642819177,0
0,0,1,-6.199464064089503,0,-5.497374946153897,0,1,0,6,0,1,-1,1,1.157180642819177,0
0,0,1,-9.525698407278204,0,-5.497374946153897,0,0,1,10,0,1,-3,0,2.4849066497880004,0
0,0,1,-9.525698407278204,0,-10.624310695946313,0,0,1,14,0,0,-6,0,2.4849066497880004,0
0,0,1,-6.654018782394191,0,-5.497374946153897,0,0,1,3,0,0,-1,1,1.9892904446855384,0
0,0,1,-8.181963660577109,0,-10.218845587838148,0,0,1,2,0,0,-3,1,2.03688192726104,0
0,0,0,-6.654018782394191,0,-6.08101591367631,0,0,1,10,0,0,-1,1,1.9892904446855384,1
0,0,1,-7.9852533663310545,0,-5.497374946153897,0,0,1,3,0,4,-1,1,2.639057329615259,0
0,1,0,-7.006658751120745,0,-6.702337359664999,0,1,0,7,0,1,-2,1,2.9245047642656234,1
0,0,0,-6.654018782394191,0,-9.612709784267834,0,0,1,3,0,0,-17,0,1.9892904446855384,1
0,0,0,-9.177391713009987,0,-6.211512402605678,0,0,1,1,0,0,-1,1,2.833213344056216,1
1,0,0,-6.1641662820084795,0,-10.624310695946313,0,0,1,1,0,0,-1,1,2.901999795891284,0
0,1,0,-7.328473829941984,0,-10.911992768398093,0,0,1,3,0,0,-6,0,2.890371757896165,0
0,0,0,-6.199464064089503,0,-7.033871314645629,0,0,1,3,0,0,-1,1,1.157180642819177,0
0,0,1,-6.199464064089503,0,-7.328473829941984,0,1,0,2,0,1,-1,1,1.157180642819177,0
0,1,0,-6.199464064089503,0,-5.862136761148557,0,0,1,16,0,2,-4,0,1.157180642819177,0
0,0,1,-6.199464064089503,0,-6.236053511521796,0,0,1,10,0,0,-2,1,1.157180642819177,0
0,0,1,-6.1641662820084795,0,-7.405434871078112,0,0,1,2,0,0,3,1,2.901999795891284,1
0,0,1,-6.199464064089503,0,-6.654018782394191,0,0,1,13,0,0,-2,1,1.157180642819177,0
0,1,0,-6.654018782394191,0,-8.347043410936557,0,0,1,1,0,0,-1,1,1.9892904446855384,0
0,0,1,-8.347043410936557,0,-9.120233299170039,0,0,1,4,0,1,-1,1,1.3609765531356008,0
0,1,0,-6.199464064089503,0,-12.010605057066204,0,0,1,5,0,0,5,1,1.157180642819177,0
0,0,1,-6.199464064089503,0,-10.06469490801089,0,0,1,6,0,0,6,1,1.157180642819177,0
0,0,1,-6.199464064089503,0,-11.317457876506259,0,0,1,6,0,0,6,1,1.157180642819177,0
0,0,1,-6.199464064089503,0,-12.010605057066204,0,0,1,9,0,0,9,1,1.157180642819177,0
0,0,1,-6.199464064089503,0,-10.624310695946313,0,0,1,7,0,0,-1,1,1.157180642819177,1
0,1,0,-8.181963660577109,0,-7.328473829941984,0,0,1,22,0,0,-4,0,2.03688192726104,1
0,0,1,-9.177391713009987,0,-10.624310695946313,0,0,1,12,0,0,-3,0,2.833213344056216,1
0,0,1,-6.542544915931073,0,-7.720145615917812,0,0,1,6,0,2,-1,1,2.423537703411708,0
0,1,0,-6.1641662820084795,0,-9.525698407278204,0,0,1,4,0,0,-4,0,2.901999795891284,1
0,1,0,-8.139404046158313,0,-7.405434871078112,0,0,1,1,0,0,-1,1,1.791759469228055,1
0,0,1,-7.9852533663310545,0,-10.911992768398093,0,0,1,13,0,0,-1,1,2.639057329615259,1
0,1,0,-8.139404046158313,0,-8.714768191061875,0,1,0,2,0,1,-3,0,1.791759469228055,1
0,0,1,-6.654018782394191,0,-11.317457876506259,0,0,1,1,0,0,-2,1,1.9892904446855384,0
0,1,0,-7.405434871078112,0,-10.911992768398093,0,0,1,1,0,0,-4,0,3.2188758248682006,1
0,1,0,-6.199464064089503,0,-8.714768191061875,0,0,1,9,0,0,9,1,1.157180642819177,1
0,0,0,-6.199464064089503,0,-12.010605057066204,0,0,1,5,0,0,5,1,1.157180642819177,0
0,0,0,-6.199464064089503,0,-12.010605057066204,0,0,1,5,0,0,5,1,1.157180642819177,1
0,0,0,-6.199464064089503,0,-10.624310695946313,0,0,1,7,0,0,-1,1,1.157180642819177,1
0,0,1,-6.654018782394191,0,-9.708019964072157,0,0,1,7,0,0,-1,1,1.9892904446855384,1
0,0,0,-6.199464064089503,0,-6.742746898002876,0,1,0,22,0,1,-1,1,1.157180642819177,0
1,0,0,-6.199464064089503,0,-12.010605057066204,0,0,1,14,0,0,-1,1,1.157180642819177,0
0,0,0,-6.199464064089503,0,-12.010605057066204,0,1,0,12,0,1,12,1,1.157180642819177,0
0,1,0,-6.199464064089503,0,-11.317457876506259,0,0,1,5,0,0,5,1,1.157180642819177,0
0,0,0,-6.199464064089503,0,-10.218845587838148,0,0,1,5,0,0,5,1,1.157180642819177,1
0,1,0,-6.199464064089503,0,-11.317457876506259,0,0,1,5,0,0,5,1,1.157180642819177,1
0,0,0,-6.199464064089503,0,-9.238016334826423,0,0,1,7,0,0,-1,1,1.157180642819177,0
0,0,1,-6.199464064089503,0,-6.20246256708576,0,0,1,9,0,0,1,1,1.157180642819177,1
0,0,0,-7.328473829941984,0,-6.419618076555347,0,0,1,19,0,0,-4,0,2.890371757896165,0
0,0,0,-6.199464064089503,0,-6.742746898002876,0,1,0,11,0,1,11,1,1.157180642819177,0
0,0,1,-6.199464064089503,0,-11.317457876506259,0,0,1,6,0,0,6,1,1.157180642819177,0
0,0,1,-6.199464064089503,0,-11.317457876506259,0,0,1,5,0,0,5,1,1.157180642819177,1
0,0,0,-6.199464064089503,0,-11.317457876506259,0,0,1,5,0,0,5,1,1.157180642819177,1
0,0,0,-6.199464064089503,0,-6.086349259651672,0,0,1,10,0,0,-2,1,1.157180642819177,0
0,1,0,-6.199464064089503,0,-6.742746898002876,0,0,0,13,0,1,13,1,1.157180642819177,0
0,0,1,-8.139404046158313,0,-5.497374946153897,0,1,0,0,0,1,-1,1,1.791759469228055,1
0,0,1,-9.612709784267834,0,-9.931163515386368,0,0,1,2,0,0,-1,1,1.2992829841302609,0
0,1,0,-6.1641662820084795,0,-6.702337359664999,0,0,1,1,0,0,-5,0,2.901999795891284,1
0,0,1,-8.347043410936557,0,-9.931163515386368,0,1,0,23,0,1,-1,1,1.3609765531356008,0
0,0,1,-6.199464064089503,0,-12.010605057066204,0,0,1,6,0,0,6,1,1.157180642819177,0
0,0,1,-6.1641662820084795,0,-9.302554855963994,0,0,1,0,0,0,-4,0,2.901999795891284,1
0,0,1,-6.542544915931073,0,-8.078779424341878,0,0,1,1,0,2,-1,1,2.423537703411708,1
0,0,1,-6.1641662820084795,0,-12.010605057066204,0,0,1,20,0,0,-1,1,2.901999795891284,1
0,0,1,-6.654018782394191,0,-12.010605057066204,0,0,1,4,0,0,4,1,1.9892904446855384,1
0,0,0,-6.542544915931073,0,-5.497374946153897,0,0,1,32,0,2,-3,0,2.423537703411708,1
0,0,0,-6.542544915931073,0,-10.624310695946313,0,0,1,3,0,4,-2,1,2.423537703411708,1
0,0,1,-6.1641662820084795,0,-6.702337359664999,0,0,1,1,0,0,-10,0,2.901999795891284,0
0,0,0,-6.542544915931073,0,-10.911992768398093,0,0,1,3,0,3,-6,1,2.423537703411708,1
0,0,1,-6.542544915931073,0,-10.911992768398093,0,0,1,13,0,15,-1,1,2.423537703411708,1
0,0,0,-6.542544915931073,0,-11.317457876506259,0,0,1,15,0,0,-5,0,2.423537703411708,1
0,0,0,-6.542544915931073,0,-12.010605057066204,0,0,1,3,0,0,-6,0,2.423537703411708,1
0,0,1,-6.199464064089503,0,-10.06469490801089,0,0,1,10,0,0,-2,1,1.157180642819177,1
0,0,0,-6.199464064089503,0,-9.238016334826423,0,0,1,9,0,0,-1,1,1.157180642819177,1
0,0,1,-6.199464064089503,0,-6.08101591367631,0,0,1,9,0,0,-1,1,1.157180642819177,1
0,0,1,-6.199464064089503,0,-12.010605057066204,0,0,1,4,0,0,-2,1,1.157180642819177,1
0,0,1,-6.1641662820084795,0,-10.624310695946313,0,0,1,11,0,0,-1,1,2.901999795891284,1
0,0,1,-6.199464064089503,0,-11.317457876506259,0,0,1,6,0,0,6,1,1.157180642819177,1
0,0,1,-6.199464064089503,0,-8.609407675404048,0,0,1,2,0,0,-2,1,1.157180642819177,1
0,0,0,-6.199464064089503,0,-12.010605057066204,0,0,1,6,0,0,6,1,1.157180642819177,1
0,0,1,-6.199464064089503,0,-9.931163515386368,0,0,1,6,0,0,6,1,1.157180642819177,0
0,0,1,-6.199464064089503,0,-9.238016334826423,0,0,1,9,0,0,-1,1,1.157180642819177,0
0,0,1,-6.199464064089503,0,-10.911992768398093,0,0,1,6,0,0,6,1,1.157180642819177,1
0,0,1,-6.199464064089503,0,-10.911992768398093,0,0,1,4,0,0,4,1,1.157180642819177,1
0,0,1,-7.385632243781933,0,-9.612709784267834,0,0,1,21,0,0,-5,0,3.5263605246161616,0
0,0,0,-6.1641662820084795,0,-9.445655699604668,0,0,1,12,0,5,12,1,2.901999795891284,1
0,0,0,-7.328473829941984,0,-8.514097495599724,0,0,1,4,0,0,-2,1,2.890371757896165,1
0,0,0,-6.199464064089503,0,-12.010605057066204,0,0,1,11,0,0,-2,1,1.157180642819177,0
0,0,1,-6.199464064089503,0,-7.35664470690868,1,0,0,3,0,1,-1,1,1.157180642819177,1
0,0,1,-6.654018782394191,0,-6.702337359664999,0,0,1,22,0,0,-1,1,1.9892904446855384,1
0,0,1,-9.066166077899764,0,-9.014872783512212,0,0,1,3,0,0,-1,1,1.845826690498331,1
0,1,0,-6.1641662820084795,0,-9.238016334826423,0,0,1,27,0,0,-1,1,2.901999795891284,0
0,0,0,-6.199464064089503,0,-10.911992768398093,0,0,1,5,0,0,5,1,1.157180642819177,0
0,0,1,-6.199464064089503,0,-6.20246256708576,0,0,1,11,0,0,-2,1,1.157180642819177,0
0,1,0,-7.4673102747962,0,-12.010605057066204,0,0,1,5,0,0,-1,1,2.751535313041949,0
0,0,1,-6.199464064089503,0,-9.525698407278204,0,0,1,12,0,0,4,1,1.157180642819177,0
0,0,0,-6.1641662820084795,0,-12.010605057066204,0,0,1,2,0,0,-1,1,2.901999795891284,0
1,0,0,-6.654018782394191,0,-6.1641662820084795,0,0,1,1,0,0,-2,1,1.9892904446855384,0
0,0,1,-6.199464064089503,0,-6.654018782394191,0,0,0,8,0,1,8,1,1.157180642819177,0
0,0,0,-6.654018782394191,0,-8.321725602952268,0,0,1,2,0,0,-1,1,1.9892904446855384,0
0,0,0,-6.654018782394191,0,-8.321725602952268,0,0,1,2,0,1,-1,1,1.9892904446855384,0
0,0,1,-6.199464064089503,0,-10.624310695946313,0,0,0,3,0,1,-1,1,1.157180642819177,0
0,0,1,-6.199464064089503,0,-6.086349259651672,0,0,1,3,0,11,-3,0,1.157180642819177,1
0,1,0,-6.199464064089503,0,-12.010605057066204,0,0,1,9,0,0,-1,1,1.157180642819177,0
0,0,1,-7.328473829941984,0,-9.931163515386368,0,0,1,5,0,0,-4,0,2.890371757896165,0
0,0,0,-6.199464064089503,0,-6.419618076555347,0,1,0,12,0,1,12,1,1.157180642819177,1
0,1,0,-6.199464064089503,0,-6.08101591367631,0,0,1,18,0,0,-1,1,1.157180642819177,0
0,0,1,-8.544869154266477,0,-5.862136761148557,0,0,1,3,0,2,-1,1,1.3862943611198906,1
0,0,0,-9.612709784267834,0,-10.218845587838148,0,0,0,1,0,2,-3,0,1.7047480922384253,1
0,0,0,-6.199464064089503,0,-7.328473829941984,0,1,0,8,0,1,8,1,1.157180642819177,1
0,0,1,-8.203942567295885,0,-7.967553789231654,0,0,1,5,0,2,-3,0,2.70805020110221,1
0,1,0,-6.1641662820084795,0,-7.57978825822289,0,1,0,1,0,1,-3,0,2.901999795891284,0
0,1,0,-6.199464064089503,0,-6.654018782394191,0,0,1,11,0,0,-2,1,1.157180642819177,0
0,0,1,-6.654018782394191,0,-7.8362177871705665,0,0,1,2,0,0,-1,1,1.9892904446855384,0
0,1,0,-6.654018782394191,0,-10.624310695946313,0,1,0,1,0,1,-3,0,1.9892904446855384,1
0,0,1,-8.576617852581057,0,-11.317457876506259,0,0,1,9,0,0,-1,1,3.4339872044851463,0
0,1,0,-6.654018782394191,0,-10.401167144632103,0,0,1,3,0,0,-1,1,1.9892904446855384,0
0,0,0,-6.654018782394191,0,-6.236053511521796,0,0,1,2,0,0,-1,1,1.9892904446855384,0
0,0,1,-6.199464064089503,0,-12.010605057066204,0,1,0,9,0,1,9,1,1.157180642819177,1
0,0,1,-6.542544915931073,0,-7.7764985524689445,0,0,1,4,0,2,-1,1,2.423537703411708,1
1,0,0,-6.1641662820084795,0,-7.8362177871705665,0,0,1,2,0,0,-2,1,2.901999795891284,1
0,1,0,-6.199464064089503,0,-6.1641662820084795,0,1,0,10,0,1,10,1,1.157180642819177,1
1,0,0,-6.1641662820084795,0,-11.317457876506259,0,0,1,2,0,0,-2,1,2.901999795891284,1
0,0,0,-6.199464064089503,0,-6.236053511521796,0,0,1,9,0,0,9,1,1.157180642819177,0
0,0,0,-6.654018782394191,0,-10.401167144632103,0,0,1,8,0,0,-1,1,1.9892904446855384,0
0,0,1,-7.328473829941984,0,-5.862136761148557,1,0,0,4,0,1,-2,1,2.890371757896165,1
0,0,1,-6.199464064089503,0,-12.010605057066204,0,0,1,8,0,0,-1,1,1.157180642819177,1
0,0,1,-6.199464064089503,0,-6.481175969554781,0,0,1,11,0,0,-1,1,1.157180642819177,0
0,0,1,-6.199464064089503,0,-6.1641662820084795,0,0,1,11,0,0,-2,1,1.157180642819177,1
0,0,1,-8.714768191061875,0,-7.310124691273788,0,0,1,1,0,0,-2,1,2.6026896854443837,1
0,0,1,-6.199464064089503,0,-5.497374946153897,0,1,0,8,0,1,8,1,1.157180642819177,0
0,0,1,-7.328473829941984,0,-12.010605057066204,0,0,1,8,0,0,-2,1,2.890371757896165,0
0,1,0,-6.199464064089503,0,-10.218845587838148,0,0,1,6,0,0,6,1,1.157180642819177,0
0,0,1,-6.199464064089503,0,-12.010605057066204,0,0,1,5,0,0,5,1,1.157180642819177,1
0,0,1,-6.199464064089503,0,-6.542544915931073,0,0,1,9,0,0,-1,1,1.157180642819177,1
0,0,0,-9.014872783512212,0,-6.236053511521796,0,0,1,2,0,0,-1,1,2.995732273553991,1
0,0,0,-9.238016334826423,0,-8.752508519044722,0,1,0,8,0,1,-1,1,1.1631508098056809,1
0,0,0,-6.654018782394191,0,-7.328473829941984,0,0,0,2,0,1,-1,1,1.9892904446855384,0
0,0,0,-7.006658751120745,0,-11.317457876506259,0,0,1,31,0,0,-6,0,2.9245047642656234,1
0,0,1,-7.385632243781933,0,-7.7764985524689445,0,0,1,14,0,0,-7,0,3.5263605246161616,0
0,0,0,-9.177391713009987,0,-12.010605057066204,0,0,1,12,0,0,-4,0,1.7346010553881064,0
0,0,1,-6.542544915931073,0,-6.08101591367631,0,0,1,14,0,7,-1,1,2.423537703411708,1
0,0,0,-6.542544915931073,0,-12.010605057066204,0,0,1,2,0,0,-2,1,2.423537703411708,1
0,0,1,-6.542544915931073,0,-12.010605057066204,0,0,1,2,0,7,-1,1,2.423537703411708,0
0,0,1,-6.654018782394191,0,-9.445655699604668,0,0,1,8,0,0,-2,1,1.9892904446855384,0
0,1,0,-6.199464064089503,0,-6.702337359664999,0,0,1,10,0,2,10,1,1.157180642819177,1
0,1,0,-6.199464064089503,0,-12.010605057066204,0,0,1,11,0,0,-1,1,1.157180642819177,0
0,1,0,-6.199464064089503,0,-10.218845587838148,0,0,1,22,0,0,-2,1,1.157180642819177,1
0,0,0,-6.199464064089503,0,-8.059361338484777,0,0,0,9,0,1,9,1,1.157180642819177,0
0,0,1,-9.238016334826423,0,-5.862136761148557,0,1,0,14,0,1,-1,1,2.0794415416798357,1
0,1,0,-9.238016334826423,0,-10.218845587838148,0,0,1,1,0,0,-1,1,2.0794415416798357,1
0,0,1,-6.199464064089503,0,-5.497374946153897,0,0,1,13,0,2,13,1,1.157180642819177,1
0,1,0,-6.199464064089503,0,-6.702337359664999,0,0,1,1,0,3,-1,1,1.157180642819177,0
0,0,0,-9.014872783512212,0,-9.931163515386368,0,0,1,7,0,0,-6,0,2.995732273553991,0
0,0,0,-9.014872783512212,0,-6.702337359664999,0,0,1,1,0,0,-1,1,2.995732273553991,0
0,1,0,-8.576617852581057,0,-11.317457876506259,0,0,1,14,0,0,-2,0,3.4339872044851463,1
0,0,0,-6.654018782394191,0,-9.708019964072157,0,0,1,14,0,0,-1,1,1.9892904446855384,1
0,0,1,-6.542544915931073,0,-6.20246256708576,0,0,1,31,0,2,-1,1,2.423537703411708,1
0,0,0,-7.405434871078112,0,-8.752508519044722,0,1,0,2,0,1,-1,1,3.2188758248682006,0
0,0,0,-7.405434871078112,0,-10.624310695946313,0,0,1,1,0,2,-1,1,3.2188758248682006,1
0,0,0,-7.006658751120745,0,-8.003271871833732,0,0,1,1,0,3,-3,0,2.9245047642656234,1
0,0,1,-7.328473829941984,0,-6.419618076555347,0,0,1,5,0,0,-3,0,2.890371757896165,1
0,0,1,-8.966082619342782,0,-12.010605057066204,0,0,1,2,0,4,-1,1,2.3513752571634776,0
0,0,0,-6.654018782394191,0,-8.832551226718259,0,0,1,10,0,0,-1,1,1.9892904446855384,0
0,1,0,-7.4673102747962,0,-6.1641662820084795,0,0,1,1,0,0,-2,1,2.751535313041949,1
0,0,1,-6.1641662820084795,0,-9.708019964072157,0,0,1,6,0,2,-1,1,2.901999795891284,1
0,0,0,-8.139404046158313,0,-6.08101591367631,0,0,1,1,0,0,-1,1,1.791759469228055,0
0,0,1,-6.654018782394191,0,-10.911992768398093,0,0,1,2,0,0,-1,1,1.9892904446855384,0
0,0,0,-6.654018782394191,0,-8.003271871833732,0,0,1,1,0,0,-1,1,1.9892904446855384,0
0,0,0,-6.654018782394191,0,-10.06469490801089,0,0,1,16,0,0,-1,1,1.9892904446855384,0
0,0,1,-6.542544915931073,0,-9.120233299170039,0,1,0,2,0,1,-1,1,2.423537703411708,1
0,0,1,-6.1641662820084795,0,-5.497374946153897,0,1,0,4,0,1,-1,1,2.901999795891284,1
0,0,0,-6.1641662820084795,0,-8.249404941372642,0,0,1,26,0,0,-1,1,2.901999795891284,1
0,0,1,-8.678400546891,0,-6.419618076555347,0,0,1,11,0,0,-4,0,2.639057329615259,1
0,0,0,-6.654018782394191,0,-9.525698407278204,0,0,1,2,0,0,-1,1,1.9892904446855384,0
0,0,0,-6.654018782394191,0,-7.405434871078112,0,0,1,2,0,0,1,1,1.9892904446855384,1
0,0,1,-6.654018782394191,0,-12.010605057066204,0,0,1,2,0,0,-1,1,1.9892904446855384,1
0,0,1,-6.654018782394191,0,-9.612709784267834,0,0,1,3,0,0,-1,1,1.9892904446855384,0
0,0,0,-6.654018782394191,0,-6.20246256708576,0,0,1,20,0,0,-1,1,1.9892904446855384,1
0,0,0,-9.238016334826423,0,-6.270812144886969,0,0,1,29,0,0,-1,1,1.1631508098056809,0
0,0,1,-8.791729232198003,0,-10.624310695946313,0,0,1,6,0,0,-1,1,2.5257286443082556,0
0,1,0,-6.199464064089503,1,-10.624310695946313,0,0,1,24,0,0,4,1,1.157180642819177,0
0,0,1,-6.199464064089503,0,-11.317457876506259,0,0,1,16,0,0,-1,1,1.157180642819177,0
0,1,0,-6.654018782394191,0,-10.218845587838148,0,0,1,15,0,0,2,1,1.9892904446855384,0
0,0,1,-6.654018782394191,0,-9.612709784267834,0,0,1,2,0,0,1,1,1.9892904446855384,1
0,1,0,-6.654018782394191,0,-9.525698407278204,0,0,1,1,0,0,-1,1,1.9892904446855384,1
0,0,1,-6.654018782394191,0,-8.272935438782836,0,0,1,2,0,0,-6,0,1.9892904446855384,0
0,0,1,-8.714768191061875,0,-8.139404046158313,0,0,1,5,0,0,-1,1,2.6026896854443837,0
0,0,1,-9.177391713009987,0,-8.139404046158313,0,0,1,5,0,0,-1,1,2.833213344056216,0
0,0,1,-8.203942567295885,0,-5.862136761148557,0,0,1,6,0,10,-1,1,2.70805020110221,1
0,0,1,-6.199464064089503,0,-12.010605057066204,0,0,1,3,0,0,-1,1,1.157180642819177,0
0,0,0,-6.654018782394191,0,-11.317457876506259,0,0,1,1,0,0,-1,1,1.9892904446855384,0
0,0,1,-9.066166077899764,0,-10.401167144632103,0,0,1,3,0,0,-5,0,1.845826690498331,0
0,1,0,-7.4673102747962,0,-7.033871314645629,0,0,1,1,0,0,-2,1,2.751535313041949,1
0,0,1,-9.302554855963994,0,-12.010605057066204,0,0,1,26,0,0,-8,0,2.70805020110221,0
1,0,0,-7.4673102747962,0,-9.708019964072157,0,0,1,1,0,0,-2,1,2.751535313041949,0
0,0,1,-6.542544915931073,0,-5.862136761148557,0,0,1,8,0,30,-1,1,2.423537703411708,0
0,0,1,-6.654018782394191,0,-9.445655699604668,0,0,1,8,0,0,-1,1,1.9892904446855384,1
0,0,1,-6.654018782394191,0,-9.445655699604668,0,0,1,18,0,0,-1,1,1.9892904446855384,1
0,0,0,-8.139404046158313,0,-6.199464064089503,0,0,1,1,0,9,-1,1,1.791759469228055,0
0,0,1,-6.199464064089503,0,-6.654018782394191,0,1,0,11,0,1,-1,1,1.157180642819177,0
1,0,0,-6.654018782394191,0,-6.20246256708576,0,0,1,16,0,0,-2,1,1.9892904446855384,0
0,0,0,-6.654018782394191,0,-6.654018782394191,0,1,0,13,0,2,-1,1,1.9892904446855384,1
0,1,0,-6.654018782394191,0,-6.20246256708576,0,0,1,16,0,0,-6,0,1.9892904446855384,1
0,1,0,-6.199464064089503,0,-12.010605057066204,0,0,1,9,0,0,-1,1,1.157180642819177,0
0,0,0,-6.654018782394191,0,-8.139404046158313,0,0,0,2,0,1,-1,1,1.9892904446855384,1
0,0,0,-8.139404046158313,0,-7.1202559288444505,0,0,1,4,0,4,-1,1,1.791759469228055,1
0,0,1,-6.199464064089503,0,-9.445655699604668,0,0,1,10,0,0,-2,1,1.157180642819177,0
0,0,1,-7.328473829941984,0,-11.317457876506259,0,1,0,3,0,1,-1,1,2.890371757896165,0
0,0,1,-6.1641662820084795,0,-7.8362177871705665,0,0,1,3,0,0,-1,1,2.901999795891284,0
0,0,1,-9.066166077899764,0,-7.068962634456899,0,1,0,3,0,1,-1,1,1.845826690498331,0
0,0,1,-7.328473829941984,0,-8.45525699557679,0,0,1,9,0,0,-1,1,2.890371757896165,1
0,1,0,-9.238016334826423,0,-5.497374946153897,0,0,1,1,0,0,-7,0,1.1631508098056809,0
0,0,1,-9.612709784267834,0,-6.419618076555347,0,0,1,8,0,0,-5,0,1.7047480922384253,1
0,0,1,-8.181963660577109,0,-9.525698407278204,0,0,1,5,0,0,-1,1,2.03688192726104,0
0,0,0,-6.654018782394191,0,-7.616155902393765,0,0,1,1,0,0,-9,0,1.9892904446855384,0
0,0,0,-6.654018782394191,0,-11.317457876506259,0,0,1,1,0,0,-3,0,1.9892904446855384,1
0,0,1,-7.4673102747962,0,-5.497374946153897,0,1,0,10,0,1,-3,0,2.751535313041949,1
0,0,0,-6.654018782394191,0,-7.328473829941984,0,0,1,13,0,6,-1,1,1.9892904446855384,0
0,0,0,-8.514097495599724,0,-7.967553789231654,0,0,1,3,0,0,-7,0,2.803360380906535,1
0,0,1,-6.654018782394191,0,-6.08101591367631,0,0,1,3,0,0,-1,1,1.9892904446855384,0
0,0,0,-8.181963660577109,0,-11.317457876506259,0,0,1,1,0,0,-3,0,2.03688192726104,0
0,0,0,-6.654018782394191,0,-9.931163515386368,0,0,1,4,0,0,-1,1,1.9892904446855384,1
0,0,1,-6.654018782394191,0,-5.497374946153897,0,0,1,3,0,3,-1,1,1.9892904446855384,0
0,0,1,-6.654018782394191,0,-11.317457876506259,0,0,1,3,0,0,12,1,1.9892904446855384,0
0,0,1,-8.139404046158313,0,-5.862136761148557,0,0,1,0,0,24,-3,0,1.791759469228055,0
0,0,0,-6.654018782394191,0,-11.317457876506259,0,0,1,5,0,0,-1,1,1.9892904446855384,1
0,0,0,-6.654018782394191,0,-8.609407675404048,0,0,1,1,0,0,-8,0,1.9892904446855384,1
0,0,0,-6.654018782394191,0,-8.752508519044722,0,0,1,18,0,0,-1,1,1.9892904446855384,1
1,0,0,-6.654018782394191,0,-8.249404941372642,0,1,0,8,0,1,2,1,1.9892904446855384,1
0,0,0,-7.006658751120745,0,-9.302554855963994,0,0,1,5,0,6,-3,0,2.9245047642656234,1
1,0,0,-6.654018782394191,0,-8.249404941372642,0,0,1,8,0,0,-1,1,1.9892904446855384,1
0,0,1,-8.966082619342782,0,-8.226415423147943,0,1,0,2,0,1,-1,1,1.6582280766035324,0
0,0,1,-7.4673102747962,0,-10.911992768398093,0,0,1,25,0,0,-2,1,2.751535313041949,1
0,1,0,-7.006658751120745,0,-6.086349259651672,0,0,1,1,0,14,-1,1,2.9245047642656234,1
0,0,1,-6.199464064089503,0,-12.010605057066204,0,0,1,9,0,0,-1,1,1.157180642819177,1
0,0,0,-9.014872783512212,1,-6.08101591367631,0,0,1,6,0,0,4,1,2.995732273553991,0
0,1,0,-6.654018782394191,0,-9.525698407278204,0,1,0,9,0,1,-1,1,1.9892904446855384,0
0,1,0,-7.4673102747962,0,-6.236053511521796,0,1,0,27,0,1,-3,0,2.751535313041949,1
0,0,1,-6.199464064089503,0,-11.317457876506259,0,0,1,20,0,0,-1,1,1.157180642819177,0
0,0,0,-6.199464064089503,0,-10.911992768398093,0,0,1,33,0,0,-1,1,1.157180642819177,0
0,0,1,-7.328473829941984,0,-12.010605057066204,0,0,1,14,0,0,-1,1,2.890371757896165,0
0,0,0,-9.612709784267834,0,-10.624310695946313,0,0,1,1,0,0,-2,1,1.7047480922384253,1
0,0,1,-6.1641662820084795,0,-7.405434871078112,0,0,1,2,0,0,2,1,2.901999795891284,1
0,0,1,-6.199464064089503,0,-10.401167144632103,0,0,1,13,0,0,-1,1,1.157180642819177,0
0,0,1,-8.347043410936557,0,-10.624310695946313,0,1,0,15,0,1,-1,1,1.3609765531356008,0
0,0,1,-6.199464064089503,0,-10.06469490801089,0,0,1,2,0,0,-2,1,1.157180642819177,0
0,1,0,-6.199464064089503,0,-6.199464064089503,0,0,1,11,0,1,-1,1,1.157180642819177,1
0,0,1,-6.199464064089503,0,-6.1641662820084795,0,1,0,15,0,1,-1,1,1.157180642819177,1
0,1,0,-6.1641662820084795,0,-6.08101591367631,0,0,1,4,0,0,-1,1,2.901999795891284,1
0,1,0,-6.1641662820084795,0,-6.08101591367631,0,0,1,13,0,0,-1,1,2.901999795891284,1
0,1,0,-6.199464064089503,0,-8.752508519044722,0,0,1,6,0,0,-1,1,1.157180642819177,1
0,0,1,-9.612709784267834,0,-8.752508519044722,0,0,1,6,0,0,-1,1,1.7047480922384253,0
0,1,0,-6.654018782394191,0,-6.086349259651672,0,0,1,24,0,0,-1,1,1.9892904446855384,0
0,0,1,-6.199464064089503,0,-8.514097495599724,0,0,1,9,0,0,-4,0,1.157180642819177,0
0,1,0,-7.405434871078112,0,-12.010605057066204,0,0,1,1,0,0,-1,1,3.2188758248682006,1
0,0,0,-6.654018782394191,0,-8.609407675404048,0,0,1,1,0,0,1,1,1.9892904446855384,1
0,0,0,-6.654018782394191,0,-10.401167144632103,0,0,1,1,0,0,-1,1,1.9892904446855384,1
0,0,1,-8.544869154266477,0,-8.321725602952268,0,1,0,11,0,1,-1,1,1.3862943611198906,0
0,0,1,-6.654018782394191,0,-5.862136761148557,0,0,1,26,0,6,-3,0,1.9892904446855384,0
0,1,0,-7.4673102747962,0,-8.609407675404048,0,0,1,35,0,0,-5,0,2.751535313041949,1
0,0,0,-7.4673102747962,0,-12.010605057066204,0,0,1,1,0,0,-3,1,2.751535313041949,0
0,1,0,-6.654018782394191,0,-12.010605057066204,0,0,1,1,0,0,-4,0,1.9892904446855384,0
0,0,1,-7.328473829941984,0,-8.609407675404048,0,0,1,0,0,0,-1,1,2.890371757896165,1
0,1,0,-7.4673102747962,0,-5.497374946153897,0,0,1,6,0,0,-2,1,2.751535313041949,1
1,0,0,-6.199464064089503,0,-9.813380479729984,0,0,1,3,0,0,-2,1,1.157180642819177,1
0,0,0,-6.199464064089503,0,-12.010605057066204,0,0,1,2,0,0,-1,1,1.157180642819177,1
0,0,1,-6.542544915931073,0,-9.612709784267834,0,0,1,7,0,0,-8,0,2.423537703411708,1
0,0,1,-6.654018782394191,0,-11.317457876506259,0,0,1,3,0,0,-1,1,1.9892904446855384,0
0,0,0,-6.654018782394191,0,-12.010605057066204,0,0,1,1,0,0,-4,1,1.9892904446855384,1
0,0,1,-9.066166077899764,0,-8.919562603707888,0,0,1,2,0,0,-7,0,1.845826690498331,0
0,1,0,-6.199464064089503,0,-11.317457876506259,0,0,1,1,0,0,-1,1,1.157180642819177,0
0,0,0,-6.654018782394191,0,-10.401167144632103,0,0,1,5,0,0,-2,1,1.9892904446855384,0
0,0,0,-6.654018782394191,0,-11.317457876506259,0,0,1,1,0,0,-1,1,1.9892904446855384,0
0,0,1,-6.654018782394191,0,-5.862136761148557,1,0,0,3,0,1,-1,1,1.9892904446855384,0
0,0,0,-6.654018782394191,0,-5.497374946153897,0,1,0,4,0,1,-1,1,1.9892904446855384,1
0,0,0,-9.177391713009987,0,-8.609407675404048,0,0,1,6,0,0,-2,1,1.7346010553881064,1
0,0,0,-9.177391713009987,0,-9.177391713009987,0,0,1,17,0,1,-3,0,1.7346010553881064,1
0,0,0,-9.177391713009987,0,-12.010605057066204,0,0,0,3,0,1,-3,0,1.7346010553881064,0
0,0,0,-6.654018782394191,0,-6.702337359664999,0,0,0,17,0,1,-3,0,1.9892904446855384,1
0,0,0,-6.654018782394191,0,-5.862136761148557,0,0,1,1,0,12,-3,0,1.9892904446855384,1
0,0,1,-6.199464064089503,0,-10.218845587838148,0,0,1,3,0,0,-4,0,1.157180642819177,0
0,0,1,-9.238016334826423,0,-5.862136761148557,0,0,1,2,0,36,-4,0,2.772588722239781,1
0,0,1,-6.1641662820084795,0,-10.624310695946313,0,0,1,24,0,0,-1,1,2.901999795891284,1
0,1,0,-9.177391713009987,0,-5.862136761148557,0,0,1,1,0,0,-2,0,2.833213344056216,0
0,1,0,-6.1641662820084795,0,-6.20246256708576,0,0,1,12,0,0,2,1,2.901999795891284,1
0,0,1,-7.385632243781933,0,-6.086349259651672,0,0,1,31,0,0,-5,0,3.5263605246161616,1
0,0,1,-6.199464064089503,0,-5.862136761148557,0,0,1,22,0,16,-1,1,1.157180642819177,1
0,0,1,-6.199464064089503,0,-9.066166077899764,0,0,1,15,0,0,-1,1,1.157180642819177,1
0,0,1,-6.199464064089503,0,-9.177391713009987,0,0,1,11,0,1,-1,1,1.157180642819177,0
0,0,1,-8.181963660577109,0,-7.57978825822289,0,0,1,7,0,0,-1,1,2.03688192726104,1
0,0,1,-6.199464064089503,0,-11.317457876506259,0,0,1,15,0,0,-1,1,1.157180642819177,1
0,0,1,-6.199464064089503,0,-10.401167144632103,0,0,1,4,0,8,-1,1,1.157180642819177,1
0,0,1,-6.199464064089503,0,-10.401167144632103,0,1,0,8,0,1,-1,1,1.157180642819177,0
0,0,1,-8.576617852581057,0,-10.911992768398093,0,0,1,1,0,0,-1,1,3.4339872044851463,0
0,0,1,-6.654018782394191,0,-10.624310695946313,1,0,0,17,0,1,-1,1,1.9892904446855384,0
0,0,1,-8.791729232198003,0,-7.556257760812696,0,0,1,3,0,0,-10,0,2.5257286443082556,1
0,0,1,-9.238016334826423,0,-9.302554855963994,0,0,1,1,0,3,-3,0,1.1631508098056809,1
0,0,1,-6.199464064089503,0,-6.419618076555347,0,0,1,7,0,0,-1,1,1.157180642819177,1
0,0,1,-6.199464064089503,0,-7.405434871078112,0,1,0,1,0,1,-1,1,1.157180642819177,1
0,1,0,-7.405434871078112,0,-10.401167144632103,0,0,1,3,0,0,-1,1,3.2188758248682006,1
0,0,1,-6.199464064089503,0,-12.010605057066204,0,0,1,8,0,0,-1,1,1.157180642819177,1
0,0,1,-6.199464064089503,0,-9.014872783512212,0,0,1,16,0,1,-1,1,1.157180642819177,0
0,0,1,-6.199464064089503,0,-8.003271871833732,0,0,1,10,0,0,-1,1,1.157180642819177,0
0,0,1,-6.199464064089503,0,-8.181963660577109,0,1,0,2,0,1,-1,1,1.157180642819177,1
0,1,0,-8.181963660577109,0,-8.003271871833732,0,0,1,4,0,7,-1,1,2.03688192726104,1
0,0,1,-6.199464064089503,0,-6.419618076555347,0,0,1,18,0,0,-1,1,1.157180642819177,1
0,0,1,-6.199464064089503,0,-10.218845587838148,0,0,1,28,0,0,-2,1,1.157180642819177,1
0,0,0,-6.654018782394191,0,-11.317457876506259,0,0,1,13,0,0,-3,1,1.9892904446855384,1
0,0,1,-9.302554855963994,0,-11.317457876506259,0,0,1,3,0,0,-16,0,2.70805020110221,0
0,0,1,-7.328473829941984,0,-9.813380479729984,0,0,1,11,0,0,-1,1,2.890371757896165,1
0,0,1,-9.445655699604668,0,-8.272935438782836,0,0,1,3,0,0,-2,1,1.466337068793427,0
0,0,1,-7.5679538005758875,0,-10.401167144632103,0,0,1,1,0,1,-1,1,3.3440389678222067,0
0,0,1,-7.328473829941984,0,-9.612709784267834,0,0,1,12,0,0,-3,0,2.890371757896165,1
0,0,1,-9.445655699604668,0,-7.57978825822289,0,0,1,1,0,1,-1,1,1.466337068793427,1
0,1,0,-9.014872783512212,0,-7.57978825822289,0,0,1,17,0,1,-1,1,1.6094379124341003,1
0,0,1,-7.328473829941984,0,-8.544869154266477,0,0,1,1,0,1,-5,0,2.890371757896165,0
0,0,1,-9.445655699604668,0,-8.609407675404048,0,0,1,1,0,3,-6,0,1.466337068793427,0
0,0,1,-7.385632243781933,0,-9.177391713009987,0,0,1,2,0,3,-1,1,3.5263605246161616,1
0,0,1,-6.542544915931073,0,-8.832551226718259,0,0,1,2,0,9,-1,1,2.423537703411708,1
0,0,1,-9.302554855963994,0,-9.931163515386368,0,0,1,24,0,0,-1,1,2.70805020110221,0
0,0,1,-6.199464064089503,0,-10.911992768398093,0,0,1,22,0,0,-1,1,1.157180642819177,1
0,0,1,-6.199464064089503,0,-10.911992768398093,0,0,1,3,0,0,-1,1,1.157180642819177,1
0,0,1,-6.199464064089503,0,-8.181963660577109,0,1,0,7,0,1,-1,1,1.157180642819177,0
0,1,0,-6.199464064089503,0,-5.497374946153897,0,0,1,6,0,0,-1,1,1.157180642819177,0
0,0,1,-7.006658751120745,0,-12.010605057066204,0,0,1,31,0,5,-1,1,2.9245047642656234,1
0,0,1,-8.203942567295885,0,-9.238016334826423,0,0,1,2,0,0,-3,0,2.70805020110221,0
0,0,1,-8.678400546891,0,-10.06469490801089,0,0,1,8,0,0,-5,0,2.639057329615259,0
0,0,1,-9.445655699604668,0,-7.628578422392322,0,0,1,23,0,0,-4,0,1.466337068793427,1
0,0,1,-7.5679538005758875,0,-10.06469490801089,0,0,1,11,0,0,-1,1,3.3440389678222067,0
0,0,1,-7.5679538005758875,0,-6.419618076555347,0,0,1,2,0,0,-16,0,3.3440389678222067,0
0,0,1,-6.199464064089503,0,-11.317457876506259,0,0,1,21,0,0,-1,1,1.157180642819177,1
0,0,1,-8.966082619342782,0,-12.010605057066204,0,0,1,2,0,0,-15,0,2.3513752571634776,1
0,0,1,-9.445655699604668,0,-7.4673102747962,0,0,1,19,0,3,-1,1,1.466337068793427,1
0,0,1,-7.5679538005758875,0,-10.06469490801089,0,0,1,28,0,0,-9,0,3.3440389678222067,0
0,0,1,-7.5679538005758875,0,-7.033871314645629,0,0,1,23,0,0,-2,1,3.3440389678222067,1
0,0,1,-6.199464064089503,0,-8.609407675404048,0,0,1,24,0,0,-1,1,1.157180642819177,0
0,0,1,-6.199464064089503,0,-5.497374946153897,0,0,1,7,0,1,-3,0,1.157180642819177,0
0,0,1,-6.199464064089503,0,-7.603885809801951,0,0,1,1,0,6,-3,0,1.157180642819177,0
0,0,1,-9.014872783512212,0,-10.624310695946313,0,0,1,2,0,3,-1,1,1.6094379124341003,0
0,0,1,-9.014872783512212,0,-10.624310695946313,0,0,1,11,0,4,-3,0,1.6094379124341003,1
0,0,1,-9.014872783512212,0,-8.752508519044722,0,0,1,1,0,0,-2,1,1.6094379124341003,0
0,0,1,-9.014872783512212,0,-6.419618076555347,0,0,1,2,0,0,-5,0,1.6094379124341003,0
0,0,1,-7.328473829941984,0,-9.238016334826423,0,0,1,6,0,0,-5,0,2.890371757896165,1
0,0,1,-7.328473829941984,0,-9.238016334826423,0,0,1,6,0,0,-5,0,2.890371757896165,1
0,0,1,-9.014872783512212,0,-7.628578422392322,0,0,1,1,0,0,-4,0,1.6094379124341003,1
0,0,1,-9.014872783512212,0,-7.510795386735939,0,0,1,6,0,0,-4,0,1.6094379124341003,0
0,1,0,-9.014872783512212,0,-12.010605057066204,0,0,1,2,0,0,-9,0,1.6094379124341003,1
0,1,0,-9.014872783512212,0,-11.317457876506259,0,0,1,2,0,0,-1,1,1.6094379124341003,1
0,0,1,-9.014872783512212,0,-5.497374946153897,0,1,0,8,0,1,-1,1,1.6094379124341003,1
0,0,1,-9.014872783512212,0,-12.010605057066204,0,0,1,3,0,0,-8,0,1.6094379124341003,1
0,0,1,-6.199464064089503,0,-8.791729232198003,0,0,1,30,0,4,30,1,1.157180642819177,1
0,0,1,-6.199464064089503,0,-8.118784758955577,0,0,1,9,0,0,-1,1,1.157180642819177,0
0,0,1,-9.445655699604668,0,-9.238016334826423,0,0,1,8,0,0,-1,1,1.466337068793427,1
0,0,1,-6.199464064089503,0,-6.654018782394191,0,0,0,11,0,1,-2,1,1.157180642819177,1
0,0,0,-6.654018782394191,0,-8.203942567295885,0,0,1,15,0,0,-1,1,1.9892904446855384,1
0,1,0,-6.199464064089503,0,-7.405434871078112,1,0,0,1,0,1,-2,1,1.157180642819177,0
0,0,1,-6.199464064089503,0,-7.762109815016845,0,0,1,9,0,0,-1,1,1.157180642819177,1
0,0,1,-6.199464064089503,0,-7.328473829941984,0,0,1,5,0,0,-1,1,1.157180642819177,0
0,0,1,-6.199464064089503,0,-8.272935438782836,0,0,1,10,0,0,-1,1,1.157180642819177,0
0,0,1,-6.199464064089503,0,-8.347043410936557,0,0,1,5,0,0,-1,1,1.157180642819177,0
0,0,1,-8.791729232198003,0,-10.911992768398093,0,0,1,1,0,22,-3,0,2.5257286443082556,0
0,0,1,-6.199464064089503,0,-8.272935438782836,0,0,1,14,0,2,-1,1,1.157180642819177,0
0,0,1,-6.542544915931073,0,-9.302554855963994,0,0,1,15,0,2,-1,1,2.423537703411708,1
0,0,1,-6.199464064089503,0,-6.654018782394191,0,0,0,22,0,1,22,1,1.157180642819177,1
0,0,0,-6.654018782394191,0,-10.218845587838148,0,0,1,2,0,0,-2,1,1.9892904446855384,1
0,0,1,-8.678400546891,0,-7.9330676131604845,0,0,1,1,0,5,-1,1,2.639057329615259,1
0,0,1,-6.199464064089503,0,-9.371547727450945,0,0,1,31,0,0,-1,1,1.157180642819177,1
0,0,1,-8.791729232198003,0,-8.752508519044722,0,0,1,1,0,3,-1,1,2.5257286443082556,1
0,0,1,-6.199464064089503,0,-8.139404046158313,0,0,1,16,0,2,-1,1,1.157180642819177,1
0,0,1,-6.199464064089503,0,-10.624310695946313,0,0,1,17,0,0,-1,1,1.157180642819177,0
0,0,1,-6.654018782394191,0,-8.609407675404048,0,0,1,10,0,0,-1,1,1.9892904446855384,0
0,0,1,-6.199464064089503,0,-6.654018782394191,0,0,0,30,0,1,30,1,1.157180642819177,1
0,0,0,-6.654018782394191,0,-6.1641662820084795,0,1,0,2,0,5,-1,1,1.9892904446855384,1
0,0,1,-6.199464064089503,0,-6.654018782394191,0,0,0,10,0,1,-2,1,1.157180642819177,0
0,0,0,-6.654018782394191,0,-10.911992768398093,0,0,1,14,0,0,-2,1,1.9892904446855384,0
0,0,0,-6.654018782394191,0,-11.317457876506259,0,0,1,20,0,0,-2,1,1.9892904446855384,1
0,0,1,-6.199464064089503,0,-7.8362177871705665,0,0,1,1,0,3,-1,1,1.157180642819177,1
0,0,1,-6.199464064089503,0,-11.317457876506259,0,0,1,2,0,0,-1,1,1.157180642819177,0
0,0,1,-6.199464064089503,0,-6.742746898002876,0,1,0,21,0,1,21,1,1.157180642819177,1
0,1,0,-6.199464064089503,0,-9.931163515386368,0,0,1,1,0,0,-1,1,1.157180642819177,1
0,0,1,-6.199464064089503,0,-6.542544915931073,0,0,1,1,0,0,-2,1,1.157180642819177,0
0,0,1,-6.199464064089503,0,-6.654018782394191,0,0,0,16,0,1,16,1,1.157180642819177,1
0,0,0,-6.654018782394191,0,-12.010605057066204,0,0,1,2,0,0,-8,0,1.9892904446855384,1
0,0,1,-7.006658751120745,0,-11.317457876506259,0,0,1,2,0,6,-1,1,2.9245047642656234,1
0,1,0,-9.177391713009987,0,-8.347043410936557,0,0,1,1,0,0,-1,1,2.833213344056216,0
0,0,1,-6.199464064089503,0,-7.033871314645629,0,0,1,1,0,0,-1,1,1.157180642819177,1
0,0,1,-7.385632243781933,0,-8.226415423147943,0,0,1,15,0,12,-1,1,3.5263605246161616,1
0,0,1,-7.006658751120745,0,-8.484244532450042,0,0,1,2,0,2,-3,0,2.9245047642656234,0
0,0,1,-6.199464064089503,0,-5.497374946153897,0,0,1,5,0,0,-1,1,1.157180642819177,0
0,0,1,-8.966082619342782,0,-7.385632243781933,0,0,1,1,0,2,-1,1,1.6582280766035324,0
0,0,1,-7.385632243781933,0,-8.609407675404048,0,0,1,4,0,0,-2,1,3.5263605246161616,0
0,0,1,-9.177391713009987,0,-9.612709784267834,0,0,1,4,0,0,-1,1,2.833213344056216,0
0,1,0,-8.181963660577109,0,-9.612709784267834,0,0,1,1,0,0,-15,0,2.03688192726104,1
0,0,1,-8.966082619342782,0,-12.010605057066204,0,0,1,6,0,0,-17,0,1.6582280766035324,0
0,0,1,-8.832551226718259,0,-12.010605057066204,0,0,1,10,0,0,-7,0,1.5686159179138452,0
0,0,1,-9.371547727450945,0,-7.967553789231654,0,0,1,32,0,0,-4,0,1.9459101490553135,1
0,0,0,-8.181963660577109,1,-8.966082619342782,0,1,0,14,0,1,2,1,2.03688192726104,1
0,0,1,-7.405434871078112,0,-11.317457876506259,0,0,1,11,0,0,1,1,3.2188758248682006,0
0,0,0,-7.405434871078112,0,-10.218845587838148,0,0,1,10,0,0,-2,0,3.2188758248682006,0
0,0,0,-8.181963660577109,0,-8.139404046158313,0,0,1,10,0,0,-3,0,2.03688192726104,0
0,0,0,-6.1641662820084795,0,-10.218845587838148,0,0,1,14,0,0,-3,0,2.901999795891284,0
0,0,0,-9.238016334826423,0,-12.010605057066204,0,0,1,6,0,0,-3,0,1.1631508098056809,1
0,0,1,-6.199464064089503,0,-6.086349259651672,0,0,1,2,0,0,-17,0,1.157180642819177,0
0,1,0,-8.181963660577109,0,-8.832551226718259,0,0,1,31,0,0,-1,1,2.03688192726104,0
0,0,1,-6.199464064089503,0,-7.57978825822289,0,0,0,16,0,1,-1,1,1.157180642819177,0
0,0,1,-6.199464064089503,0,-8.544869154266477,0,1,0,12,0,1,-18,0,1.157180642819177,0
0,0,1,-8.832551226718259,0,-12.010605057066204,0,0,1,3,0,0,-5,0,1.5686159179138452,0
0,0,1,-7.9852533663310545,0,-7.8362177871705665,0,0,1,2,0,0,-2,1,2.639057329615259,1
0,1,0,-8.181963660577109,0,-7.4673102747962,0,0,1,29,0,0,-6,0,2.03688192726104,1
0,0,1,-7.9852533663310545,0,-9.302554855963994,0,0,1,2,0,0,-1,1,2.639057329615259,1
0,0,1,-9.066166077899764,0,-9.612709784267834,0,1,0,10,0,1,-3,0,1.845826690498331,1
0,1,0,-9.612709784267834,0,-8.791729232198003,0,0,1,13,0,0,-1,1,1.7047480922384253,1
0,0,1,-6.199464064089503,0,-5.497374946153897,0,0,1,3,0,0,-2,1,1.157180642819177,1
0,0,0,-6.199464064089503,0,-8.181963660577109,0,0,0,1,0,1,-8,0,1.157180642819177,0
0,0,1,-9.066166077899764,0,-6.086349259651672,0,0,1,16,0,0,-19,0,1.845826690498331,1
0,0,1,-7.328473829941984,0,-6.08101591367631,0,0,1,4,0,7,-2,1,2.890371757896165,1
0,0,1,-6.1641662820084795,0,-7.510795386735939,0,0,1,3,0,0,-2,1,2.901999795891284,1
0,0,1,-6.1641662820084795,0,-10.06469490801089,0,0,1,3,0,0,-2,1,2.901999795891284,0
0,0,1,-6.654018782394191,0,-6.08101591367631,0,0,1,3,0,0,-1,1,1.9892904446855384,0
0,1,0,-6.542544915931073,0,-9.612709784267834,0,1,0,6,0,1,-1,1,2.423537703411708,0
0,1,0,-7.328473829941984,0,-6.236053511521796,0,0,1,8,0,0,2,1,2.890371757896165,0
0,0,0,-6.199464064089503,1,-6.419618076555347,0,0,1,21,0,0,11,1,1.157180642819177,1
0,0,0,-6.199464064089503,0,-8.791729232198003,0,0,1,2,0,0,-2,1,1.157180642819177,0
0,0,1,-6.1641662820084795,0,-7.510795386735939,1,0,0,3,0,1,-1,1,2.901999795891284,0
0,0,0,-6.654018782394191,0,-12.010605057066204,0,0,1,2,0,0,-1,1,1.9892904446855384,1
0,0,1,-6.654018782394191,0,-5.497374946153897,0,0,1,3,0,2,-1,1,1.9892904446855384,1
0,0,1,-6.654018782394191,0,-10.911992768398093,0,0,1,13,0,0,-5,0,1.9892904446855384,1
0,0,1,-7.385632243781933,0,-9.066166077899764,0,0,1,7,0,0,-8,0,3.5263605246161616,0
0,0,1,-7.385632243781933,0,-10.911992768398093,0,0,1,12,0,0,-6,0,3.5263605246161616,1
0,0,1,-6.654018782394191,0,-5.497374946153897,0,0,1,25,0,4,-1,1,1.9892904446855384,1
0,0,1,-8.576617852581057,0,-5.862136761148557,0,0,1,10,0,3,-3,0,3.4339872044851463,0
0,1,0,-8.181963660577109,0,-5.862136761148557,0,0,1,14,0,14,-1,1,2.03688192726104,0
0,0,1,-8.714768191061875,0,-8.427086118610093,0,0,1,39,0,0,-5,0,2.6026896854443837,0
0,0,1,-7.385632243781933,0,-12.010605057066204,0,0,1,14,0,0,-6,0,3.5263605246161616,1
0,1,0,-6.654018782394191,0,-9.813380479729984,0,0,1,36,0,0,-4,0,1.9892904446855384,0
0,0,1,-9.177391713009987,0,-9.445655699604668,0,0,1,11,0,0,-6,0,2.833213344056216,1
0,0,1,-9.014872783512212,0,-5.862136761148557,0,0,1,0,0,2,-3,0,1.6094379124341003,0
0,0,1,-8.714768191061875,0,-9.177391713009987,0,0,1,0,0,2,-3,0,2.6026896854443837,0
0,0,1,-9.177391713009987,0,-5.862136761148557,0,0,1,4,0,10,-3,0,2.833213344056216,0
0,0,1,-9.014872783512212,0,-9.066166077899764,0,0,1,1,0,0,-4,0,1.6094379124341003,1
0,0,1,-7.068962634456899,0,-10.218845587838148,0,0,1,0,0,0,-6,0,4.248495242049359,0
0,0,1,-7.385632243781933,0,-12.010605057066204,0,0,1,16,0,0,-6,0,3.5263605246161616,1
0,0,1,-6.542544915931073,0,-9.066166077899764,1,0,0,9,0,1,-3,0,2.423537703411708,1
0,0,1,-7.006658751120745,0,-11.317457876506259,0,0,1,2,0,0,-6,0,2.9245047642656234,0
0,0,1,-7.385632243781933,0,-11.317457876506259,0,0,1,2,0,0,-6,0,3.5263605246161616,1
0,0,1,-7.006658751120745,0,-8.321725602952268,0,0,1,7,0,0,-7,0,2.9245047642656234,0
1,0,0,-7.006658751120745,0,-8.832551226718259,0,0,1,1,0,0,-16,0,2.9245047642656234,1
0,0,1,-8.832551226718259,0,-5.497374946153897,0,1,0,17,0,1,-1,1,1.5686159179138452,1
1,0,0,-6.1641662820084795,0,-5.862136761148557,0,0,1,1,0,10,-3,0,2.901999795891284,1
1,0,0,-9.302554855963994,0,-7.328473829941984,0,1,0,1,0,1,-3,0,2.70805020110221,0
1,0,0,-7.006658751120745,0,-7.328473829941984,0,1,0,19,0,1,-1,1,2.9245047642656234,0
0,0,1,-8.181963660577109,0,-8.427086118610093,0,0,1,2,0,8,-3,0,2.03688192726104,1
0,0,1,-8.576617852581057,0,-8.791729232198003,0,0,1,9,0,0,-3,0,3.4339872044851463,1
0,0,1,-8.181963660577109,0,-7.9330676131604845,0,0,1,1,0,1,-3,0,2.03688192726104,0
0,0,1,-8.181963660577109,0,-8.832551226718259,0,0,1,12,0,0,-1,1,2.03688192726104,0
0,1,0,-8.576617852581057,0,-10.911992768398093,0,0,1,13,0,0,-1,1,3.4339872044851463,1
0,0,1,-9.177391713009987,0,-9.177391713009987,0,0,1,18,0,0,5,1,2.833213344056216,1
0,0,1,-6.654018782394191,0,-11.317457876506259,0,0,1,15,0,0,-2,0,1.9892904446855384,0
0,0,1,-6.199464064089503,0,-8.678400546891,0,0,1,6,0,3,-3,0,1.157180642819177,1
0,1,0,-6.1641662820084795,0,-8.003271871833732,0,0,1,1,0,0,-2,1,2.901999795891284,1
0,0,1,-6.199464064089503,0,-7.310124691273788,0,1,0,7,0,1,-1,1,1.157180642819177,0
0,0,1,-7.9852533663310545,0,-12.010605057066204,0,0,1,0,0,0,-21,0,2.639057329615259,0
0,0,1,-6.654018782394191,0,-10.401167144632103,0,0,1,3,0,0,-4,0,1.9892904446855384,1
0,0,1,-6.199464064089503,0,-6.742746898002876,0,1,0,0,0,1,-1,1,1.157180642819177,1
0,0,1,-9.371547727450945,0,-5.497374946153897,0,1,0,3,0,1,-1,1,1.9459101490553135,0
1,0,0,-8.678400546891,0,-12.010605057066204,0,0,1,1,0,0,-3,0,2.639057329615259,1
1,0,0,-8.678400546891,0,-8.678400546891,0,0,1,2,0,2,-3,0,2.639057329615259,1
0,0,1,-7.385632243781933,0,-5.862136761148557,0,0,1,2,0,7,-3,0,3.5263605246161616,0
0,0,1,-8.714768191061875,0,-5.497374946153897,0,1,0,0,0,1,-1,1,2.6026896854443837,0
0,1,0,-9.177391713009987,0,-12.010605057066204,1,0,0,17,0,1,-1,1,1.7346010553881064,1
0,0,1,-6.199464064089503,0,-6.481175969554781,0,1,0,2,0,1,-1,1,1.157180642819177,0
0,0,1,-6.542544915931073,0,-11.317457876506259,0,0,1,8,0,0,-10,0,2.423537703411708,0
0,0,1,-6.654018782394191,0,-8.321725602952268,0,0,1,5,0,0,-1,1,1.9892904446855384,1
0,0,1,-6.542544915931073,0,-8.118784758955577,0,0,1,14,0,2,-1,1,2.423537703411708,0
0,0,1,-6.542544915931073,0,-8.678400546891,0,0,1,13,0,1,-1,1,2.423537703411708,0
0,0,0,-6.654018782394191,0,-8.249404941372642,0,0,1,1,0,0,-1,1,1.9892904446855384,1
0,0,1,-6.654018782394191,0,-12.010605057066204,0,0,1,17,0,0,-1,1,1.9892904446855384,0
0,0,0,-9.238016334826423,0,-8.752508519044722,0,0,1,4,0,2,-1,1,1.1631508098056809,0
0,0,1,-9.612709784267834,0,-8.39968714442198,0,0,1,23,0,0,-1,1,1.2992829841302609,1
1,0,0,-6.1641662820084795,0,-8.160457455356145,0,0,0,18,0,1,-3,0,2.901999795891284,1
1,0,0,-6.1641662820084795,0,-5.497374946153897,0,1,0,2,0,1,-1,1,2.901999795891284,0
0,0,0,-9.177391713009987,0,-11.317457876506259,0,0,1,3,0,0,-8,0,2.833213344056216,1
0,0,0,-8.139404046158313,0,-6.236053511521796,0,0,1,4,0,0,-1,1,1.791759469228055,0
0,0,0,-8.181963660577109,0,-9.120233299170039,0,0,1,21,0,0,-1,1,2.03688192726104,0
0,0,0,-8.139404046158313,0,-8.919562603707888,0,0,0,2,0,1,-1,1,1.791759469228055,0
0,0,0,-8.919562603707888,0,-12.010605057066204,0,0,1,7,0,0,-3,1,3.0910424533583156,0
0,0,0,-9.177391713009987,0,-7.405434871078112,0,0,1,6,0,0,-1,1,1.7346010553881064,0
0,0,1,-9.177391713009987,0,-7.35664470690868,0,0,1,10,0,3,-3,0,1.7346010553881064,1
0,0,1,-9.238016334826423,0,-12.010605057066204,0,0,1,4,0,0,-4,1,2.772588722239781,0
0,0,1,-6.1641662820084795,0,-8.139404046158313,0,1,0,3,0,1,-1,1,2.901999795891284,0
0,0,0,-8.139404046158313,0,-12.010605057066204,0,0,1,30,0,0,-1,1,1.791759469228055,0
0,0,1,-6.199464064089503,0,-5.497374946153897,0,0,0,4,0,1,-3,0,1.157180642819177,1
0,0,1,-6.542544915931073,0,-8.484244532450042,0,0,1,24,0,4,-1,1,2.423537703411708,1
0,0,1,-6.1641662820084795,0,-6.542544915931073,0,0,1,3,0,0,-1,1,2.901999795891284,0
0,0,1,-6.1641662820084795,0,-6.542544915931073,0,1,0,14,0,1,-1,1,2.901999795891284,0
0,0,1,-6.1641662820084795,0,-9.525698407278204,1,0,0,4,0,1,-1,1,2.901999795891284,1
0,0,0,-6.1641662820084795,0,-7.033871314645629,1,0,0,1,0,1,-1,1,2.901999795891284,0
0,0,1,-8.181963660577109,0,-7.385632243781933,0,0,1,3,0,0,-5,0,2.03688192726104,1
0,0,1,-6.542544915931073,0,-10.624310695946313,0,0,1,3,0,0,-2,1,2.423537703411708,0
0,0,1,-8.544869154266477,0,-9.612709784267834,0,0,1,4,0,2,-3,0,1.3862943611198906,0
0,0,1,-8.544869154266477,0,-10.911992768398093,0,0,1,32,0,0,-6,0,1.3862943611198906,1
0,0,1,-8.544869154266477,0,-11.317457876506259,0,0,0,6,0,1,-3,0,1.3862943611198906,1
0,0,1,-7.328473829941984,0,-7.425637578395632,0,0,0,11,0,1,-2,1,2.890371757896165,0
0,0,1,-6.1641662820084795,0,-6.08101591367631,0,0,1,16,0,0,-4,0,2.901999795891284,0
0,0,1,-6.199464064089503,0,-12.010605057066204,0,0,1,3,0,0,-1,1,1.157180642819177,0
0,0,1,-7.328473829941984,0,-6.481175969554781,0,0,1,10,0,0,-1,1,2.890371757896165,0
0,0,1,-6.1641662820084795,1,-8.875110841137055,0,0,1,3,0,0,-1,1,2.901999795891284,0
1,0,0,-6.1641662820084795,0,-6.481175969554781,0,0,0,16,0,1,-3,0,2.901999795891284,0
0,0,1,-7.385632243781933,0,-7.405434871078112,0,0,1,5,0,0,-1,1,3.5263605246161616,0
0,0,0,-6.654018782394191,0,-6.08101591367631,0,0,1,3,0,0,-1,1,1.9892904446855384,0
0,0,0,-6.654018782394191,0,-6.08101591367631,0,0,1,2,0,0,-1,1,1.9892904446855384,1
0,1,0,-6.199464064089503,0,-5.862136761148557,0,0,1,6,0,0,1,1,1.157180642819177,1
0,0,0,-6.654018782394191,0,-6.086349259651672,0,1,0,3,0,1,-1,1,1.9892904446855384,1
0,0,0,-6.654018782394191,0,-6.08101591367631,0,0,1,15,0,0,-1,1,1.9892904446855384,1
0,0,1,-9.612709784267834,0,-7.006658751120745,0,1,0,8,0,1,-1,1,1.2992829841302609,1
0,0,0,-9.238016334826423,0,-9.177391713009987,0,1,0,12,0,1,-1,1,1.1631508098056809,0
0,0,0,-6.1641662820084795,0,-9.708019964072157,0,0,1,13,0,0,-1,1,2.901999795891284,1
0,1,0,-6.199464064089503,0,-10.911992768398093,0,0,1,15,0,0,-1,1,1.157180642819177,1
0,0,1,-6.542544915931073,0,-9.371547727450945,0,0,0,2,0,1,-1,1,2.423537703411708,1
0,1,0,-7.4673102747962,0,-10.624310695946313,0,0,1,7,0,0,-1,1,2.751535313041949,0
0,0,1,-6.542544915931073,0,-9.708019964072157,0,0,1,13,0,2,-1,1,2.423537703411708,1
0,0,1,-6.1641662820084795,0,-10.911992768398093,0,0,1,6,0,1,-3,0,2.901999795891284,0
0,0,0,-8.347043410936557,0,-8.160457455356145,0,0,1,17,0,2,-1,1,1.3609765531356008,1
0,0,1,-6.1641662820084795,0,-7.4673102747962,0,1,0,3,0,1,-1,1,2.901999795891284,0
0,1,0,-7.4673102747962,0,-10.911992768398093,0,0,1,6,0,0,-6,0,2.751535313041949,0
0,0,0,-6.1641662820084795,0,-5.497374946153897,0,0,1,1,0,0,-2,1,2.901999795891284,0
0,0,1,-7.4673102747962,0,-10.06469490801089,0,0,1,2,0,0,-4,0,2.751535313041949,0
0,0,1,-6.1641662820084795,0,-7.328473829941984,0,0,1,3,0,0,-2,1,2.901999795891284,1
0,0,1,-6.542544915931073,0,-7.405434871078112,0,0,1,2,0,0,4,1,2.423537703411708,1
1,0,0,-6.1641662820084795,0,-6.702337359664999,0,0,1,2,0,1,-1,1,2.901999795891284,0
0,0,1,-6.654018782394191,0,-5.497374946153897,0,0,1,2,0,6,-3,0,1.9892904446855384,1
0,0,1,-6.1641662820084795,0,-10.624310695946313,0,0,1,4,0,0,-1,1,2.901999795891284,0
0,0,0,-6.654018782394191,0,-10.401167144632103,0,0,1,16,0,0,-1,1,1.9892904446855384,0
0,0,0,-6.1641662820084795,1,-5.497374946153897,0,0,1,27,0,0,4,1,2.901999795891284,0
0,0,0,-6.654018782394191,0,-8.609407675404048,0,0,1,2,0,0,-1,1,1.9892904446855384,1
0,0,1,-7.328473829941984,0,-7.006658751120745,0,0,0,9,0,1,-5,0,2.890371757896165,1
0,0,0,-7.006658751120745,0,-10.911992768398093,0,0,1,19,0,0,-4,0,2.9245047642656234,1
0,0,0,-6.654018782394191,0,-12.010605057066204,0,0,1,6,0,0,-1,1,1.9892904446855384,1
0,0,0,-6.1641662820084795,0,-9.066166077899764,0,0,1,23,0,0,-1,1,2.901999795891284,0
0,0,0,-6.1641662820084795,0,-8.003271871833732,0,0,1,36,0,12,-3,0,2.901999795891284,0
0,0,1,-9.066166077899764,0,-7.310124691273788,0,0,1,6,0,0,2,1,1.845826690498331,0
0,0,0,-8.514097495599724,0,-6.742746898002876,0,0,1,17,0,0,-1,1,2.803360380906535,0
0,0,0,-6.1641662820084795,0,-9.014872783512212,0,0,1,33,0,0,-1,1,2.901999795891284,1
0,0,0,-6.654018782394191,0,-8.003271871833732,0,0,1,3,0,0,1,1,1.9892904446855384,1
0,0,0,-6.654018782394191,0,-10.06469490801089,0,0,1,18,0,0,-3,1,1.9892904446855384,0
0,0,1,-6.199464064089503,0,-7.328473829941984,0,1,0,11,0,1,-1,1,1.157180642819177,1
0,0,0,-6.1641662820084795,0,-6.742746898002876,0,0,1,18,0,0,-5,0,2.901999795891284,1
0,0,0,-6.1641662820084795,0,-5.862136761148557,0,0,1,38,0,9,-1,1,2.901999795891284,1
0,0,1,-8.966082619342782,0,-8.39968714442198,0,0,1,1,0,0,-17,0,1.6582280766035324,1
0,0,1,-8.919562603707888,0,-9.813380479729984,0,0,1,12,0,0,-4,0,3.0910424533583156,0
0,0,1,-9.014872783512212,0,-7.328473829941984,0,0,1,5,0,6,-3,0,1.6094379124341003,1
0,0,1,-8.966082619342782,0,-5.862136761148557,0,0,1,4,0,17,-3,0,1.6582280766035324,0
0,0,1,-7.4673102747962,0,-12.010605057066204,0,0,1,12,0,0,-1,1,2.751535313041949,0
0,0,1,-8.832551226718259,0,-5.862136761148557,0,0,1,10,0,9,-1,1,1.5686159179138452,1
1,0,0,-8.347043410936557,0,-7.1202559288444505,0,0,1,10,0,18,-1,1,1.3609765531356008,0
0,0,1,-6.542544915931073,0,-8.576617852581057,0,1,0,2,0,1,-1,1,2.423537703411708,0
0,0,1,-8.544869154266477,0,-10.624310695946313,0,0,1,25,0,0,-1,1,1.3862943611198906,0
0,0,1,-8.966082619342782,0,-5.862136761148557,0,0,1,11,0,5,-3,0,1.6582280766035324,1
0,0,1,-7.006658751120745,0,-6.236053511521796,0,0,1,23,0,0,-4,0,2.9245047642656234,1
0,0,1,-6.542544915931073,0,-6.20246256708576,0,0,1,4,0,1,-1,1,2.423537703411708,1
0,0,1,-7.006658751120745,0,-7.4673102747962,0,0,1,2,0,2,-3,0,2.9245047642656234,1
0,0,1,-7.4673102747962,0,-7.385632243781933,0,0,1,6,0,0,-4,0,2.751535313041949,1
0,0,1,-9.708019964072157,0,-8.321725602952268,0,0,1,1,0,1,-3,0,1.6094379124341003,1
0,0,1,-8.544869154266477,0,-8.791729232198003,0,0,1,3,0,2,-3,0,1.3862943611198906,1
0,0,1,-7.006658751120745,0,-8.791729232198003,0,0,1,2,0,4,-1,1,2.9245047642656234,1
0,0,1,-8.544869154266477,0,-8.226415423147943,0,0,1,15,0,2,-3,0,1.3862943611198906,1
0,1,0,-6.654018782394191,0,-6.20246256708576,0,1,0,19,0,1,-1,1,1.9892904446855384,0
0,0,1,-9.612709784267834,0,-10.911992768398093,0,0,1,8,0,0,-6,0,1.7047480922384253,0
0,0,1,-7.4673102747962,0,-8.003271871833732,0,0,1,8,0,0,-1,1,2.751535313041949,1
1,0,0,-6.1641662820084795,0,-7.8362177871705665,0,0,1,3,0,0,-5,0,2.901999795891284,0
0,0,1,-6.1641662820084795,0,-5.497374946153897,0,0,1,4,0,0,-5,0,2.901999795891284,1
0,0,1,-8.544869154266477,0,-8.919562603707888,0,0,1,25,0,0,-1,1,1.3862943611198906,0
0,0,1,-7.006658751120745,0,-5.862136761148557,0,0,1,14,0,3,-1,1,2.9245047642656234,0
0,0,1,-6.542544915931073,0,-7.510795386735939,0,0,1,9,0,0,-5,0,2.423537703411708,1
0,0,1,-8.544869154266477,0,-9.238016334826423,0,0,1,33,0,0,-4,0,1.3862943611198906,0
0,0,1,-8.544869154266477,0,-6.236053511521796,0,0,1,9,0,0,-1,1,1.3862943611198906,0
1,0,0,-6.542544915931073,0,-9.120233299170039,0,0,1,2,0,4,-1,1,2.423537703411708,1
0,0,1,-8.544869154266477,0,-10.401167144632103,0,0,1,12,0,0,-1,1,1.3862943611198906,0
0,0,1,-9.177391713009987,0,-7.556257760812696,0,0,1,2,0,0,-11,0,1.7346010553881064,1
0,0,1,-6.542544915931073,0,-8.609407675404048,0,0,1,11,0,2,-1,1,2.423537703411708,0
0,0,1,-6.654018782394191,0,-8.484244532450042,0,0,1,1,0,1,-3,0,1.9892904446855384,1
0,0,1,-8.544869154266477,0,-10.401167144632103,0,0,1,14,0,0,-1,1,1.3862943611198906,1
0,0,1,-8.544869154266477,0,-12.010605057066204,0,0,1,11,0,0,-2,1,1.3862943611198906,1
0,1,0,-7.4673102747962,0,-8.003271871833732,0,0,1,19,0,0,-1,1,2.751535313041949,1
0,0,1,-8.544869154266477,0,-10.911992768398093,0,0,1,11,0,0,-1,1,1.3862943611198906,1
0,0,1,-6.199464064089503,0,-9.708019964072157,0,0,1,14,0,0,-2,1,1.157180642819177,0
0,0,1,-6.199464064089503,0,-11.317457876506259,0,0,1,12,0,0,-1,1,1.157180642819177,0
0,0,1,-6.542544915931073,0,-9.708019964072157,0,0,1,4,0,0,-4,0,2.423537703411708,0
0,0,1,-6.1641662820084795,0,-10.911992768398093,0,0,1,15,0,0,-4,0,2.901999795891284,1
0,0,1,-6.199464064089503,0,-12.010605057066204,0,0,1,15,0,0,-2,1,1.157180642819177,0
0,0,1,-6.199464064089503,0,-7.033871314645629,0,0,1,15,0,0,-1,1,1.157180642819177,0
0,0,1,-7.006658751120745,0,-9.445655699604668,0,0,1,29,0,0,-2,0,2.9245047642656234,0
0,0,1,-6.1641662820084795,0,-5.497374946153897,0,0,1,13,0,5,-1,1,2.901999795891284,0
0,0,1,-8.181963660577109,0,-7.310124691273788,0,0,1,15,0,0,-3,0,2.03688192726104,1
0,0,1,-7.385632243781933,0,-9.014872783512212,0,0,1,4,0,0,-4,0,3.5263605246161616,0
0,1,0,-7.4673102747962,0,-10.401167144632103,0,0,1,2,0,0,-2,1,2.751535313041949,0
0,0,1,-8.832551226718259,0,-9.813380479729984,0,1,0,4,0,1,-1,1,1.5686159179138452,0
0,0,1,-8.544869154266477,0,-9.525698407278204,0,0,1,1,0,0,-4,0,1.3862943611198906,1
0,0,1,-8.139404046158313,0,-6.1641662820084795,0,0,1,0,0,0,-1,1,1.791759469228055,0
0,0,1,-8.544869154266477,0,-7.591764449269606,0,1,0,1,0,4,-3,0,1.3862943611198906,1
0,0,1,-8.544869154266477,0,-7.591764449269606,0,1,0,5,0,1,-3,0,1.3862943611198906,1
0,0,1,-8.544869154266477,0,-9.525698407278204,0,1,0,1,0,1,-1,1,1.3862943611198906,0
0,0,1,-8.832551226718259,0,-8.272935438782836,0,0,1,19,0,7,-3,0,1.5686159179138452,0
0,0,1,-6.1641662820084795,0,-7.762109815016845,0,0,1,0,0,0,-5,0,2.901999795891284,0
0,0,1,-6.654018782394191,0,-9.612709784267834,0,0,1,5,0,0,-4,0,1.9892904446855384,1
0,0,1,-8.832551226718259,0,-7.591764449269606,0,0,1,3,0,0,-3,0,1.5686159179138452,0
0,0,1,-8.139404046158313,0,-10.06469490801089,0,0,1,0,0,0,-15,0,1.791759469228055,1
0,0,1,-8.832551226718259,0,-5.862136761148557,0,0,1,2,0,4,-1,1,1.5686159179138452,1
0,0,1,-8.966082619342782,0,-9.302554855963994,0,0,1,0,0,6,-3,0,1.6582280766035324,1
0,0,1,-8.514097495599724,0,-7.8362177871705665,0,1,0,8,0,1,-1,1,2.803360380906535,1
0,0,1,-8.832551226718259,0,-9.931163515386368,0,0,1,9,0,0,-4,0,1.5686159179138452,0
0,0,1,-8.514097495599724,0,-8.752508519044722,0,1,0,15,0,1,-3,0,2.803360380906535,0
0,0,1,-9.066166077899764,0,-6.481175969554781,0,0,1,10,0,0,-1,1,1.845826690498331,0
