matrix_subject,frequency_matrix_verb,word_form_similarity,frequency_CC_subject_head,subject_form_CC_subject,position_matrix_verb,length_CC_remainder,length_CC_onset,length_matrix_verb_to_CC,that,uid,genre
4,-9.066166077899764,0,-3.4125694778058655,4,2,0,4,-3,1,10,138
3,-10.911992768398093,0,-12.010605057066204,4,45,0,0,-1,0,10,138
4,-10.06469490801089,0,-8.609407675404048,4,6,0,2,-3,1,0.3364722366212129,87
4,-8.609407675404048,0,-5.879378567583063,4,10,0,2,-2,0,10,87
4,-3.4125694778058655,0,-8.181963660577109,4,5,0,2,-4,1,3.8501476017100584,87
4,-8.181963660577109,0,-5.879378567583063,4,10,0,3,-3,1,10,87
4,-8.752508519044722,0,-7.068962634456899,4,9,0,5,-3,1,2.5649493574615367,139
4,-7.068962634456899,0,-7.090624131238079,4,16,0,5,-4,0,3.367295829986474,139
4,-8.832551226718259,0,-3.4125694778058655,4,36,0,1,-3,1,10,7
4,-6.649312891356779,0,-8.249404941372642,4,30,0,2,-3,1,1.0045833390198333,7
4,-8.609407675404048,0,-4.6980515589636065,1,17,0,1,-3,1,10,7
4,-8.576617852581057,0,-4.6980515589636065,4,15,0,2,-3,1,0.9490805546971459,49
3,-10.218845587838148,0,-8.226415423147943,4,4,0,7,-3,1,0.6931471805599453,49
3,-7.310124691273788,0,-8.297032990361895,4,8,0,2,-3,1,2.1400661634962708,169
3,-7.310124691273788,0,-3.4125694778058655,4,1,0,2,-3,1,10,169
3,-8.791729232198003,0,-11.317457876506259,4,1,0,2,-3,1,1.8325814637483102,169
3,-8.791729232198003,0,-8.752508519044722,3,1,0,1,-22,0,1.8325814637483102,169
3,-8.752508519044722,0,-3.4125694778058655,4,26,0,2,-3,1,10,169
4,-10.218845587838148,0,-3.4125694778058655,4,28,0,2,-3,1,1.6094379124341003,169
4,-10.218845587838148,0,-7.385632243781933,2,28,0,1,-6,0,10,169
3,-7.385632243781933,0,-3.4125694778058655,4,37,0,2,-2,0,10,169
3,-6.999969762969948,0,-8.226415423147943,4,7,0,7,-3,1,2.17742195004004,169
4,-7.603885809801951,0,-10.911992768398093,3,8,0,1,-8,0,10,169
3,-12.010605057066204,0,-6.415893677464364,4,1,0,16,-3,1,10,156
3,-8.64330922707973,0,-6.415893677464364,4,1,0,13,-3,1,10,156
3,-12.010605057066204,0,-6.415893677464364,4,3,0,17,-24,1,3.8501476017100584,156
4,-6.999969762969948,0,-9.371547727450945,4,11,0,1,-3,1,2.17742195004004,156
4,-3.4125694778058655,0,-7.967553789231654,4,1,0,3,-4,1,3.8501476017100584,156
4,-7.967553789231654,0,-5.181892985424519,4,7,0,0,-3,0,0.9382696385929302,156
4,-8.181963660577109,0,-5.181892985424519,4,13,0,2,-3,1,10,156
3,-6.199464064089503,0,-3.4125694778058655,4,5,0,4,-3,1,0.9207918647549467,156
4,-7.603885809801951,0,-9.708019964072157,4,5,0,0,-11,0,10,156
4,-9.708019964072157,0,-7.556257760812696,4,17,0,3,-3,1,2.3025850929940455,156
4,-7.556257760812696,0,-8.226415423147943,4,23,0,0,-7,0,10,156
4,-8.576617852581057,0,-8.272935438782836,4,7,0,2,-3,1,0.9490805546971459,118
4,-7.967553789231654,0,-9.177391713009987,4,5,0,12,-3,1,3.349904087274605,118
4,-8.576617852581057,0,-7.090624131238079,4,32,0,6,-3,1,10,118
4,-8.576617852581057,0,-8.966082619342782,4,21,0,2,-3,1,0.9490805546971459,118
3,-8.576617852581057,0,-7.190323491461167,4,1,0,2,-3,1,1.9459101490553135,118
4,-4.6980515589636065,0,-7.899731192892893,4,1,0,1,-7,1,3.8501476017100584,118
4,-7.3954845402249445,0,-4.6980515589636065,4,5,0,2,-3,1,1.7707060600302227,118
4,-7.3954845402249445,0,-3.4125694778058655,2,5,0,1,-13,1,3.8501476017100584,118
4,-10.911992768398093,0,-9.177391713009987,4,1,0,3,-3,1,0.40546510810816444,132
4,-9.813380479729984,0,-7.733938938050149,4,7,0,1,-3,1,2.1972245773362196,60
3,-8.347043410936557,0,-11.317457876506259,3,10,0,1,-13,0,10,112
4,-8.078779424341878,0,-4.6980515589636065,4,30,0,3,-3,1,3.2386784521643803,112
4,-9.708019964072157,0,-3.4125694778058655,4,14,0,5,-3,1,3.8501476017100584,112
4,-9.708019964072157,0,-7.510795386735939,4,6,0,3,-31,0,10,112
4,-7.510795386735939,0,-6.415893677464364,3,43,0,1,-5,0,0.9490805546971459,112
4,-8.576617852581057,0,-7.090624131238079,4,53,0,2,-3,1,10,112
4,-12.010605057066204,0,-4.6980515589636065,4,2,0,3,-3,1,10,112
4,-12.010605057066204,0,-7.899731192892893,3,2,0,1,-13,0,10,112
4,-9.238016334826423,0,-6.999969762969948,4,18,0,1,-3,1,2.0794415416798357,112
4,-7.805912437675238,0,-6.404802990770206,4,17,0,2,-1,0,2.908720896564361,114
3,-6.149818833600338,0,-6.702337359664999,2,7,0,1,7,0,1.766441661243765,10
3,-6.149818833600338,0,-7.190323491461167,3,7,0,1,-1,0,10,10
4,-6.149818833600338,0,-4.6980515589636065,3,10,0,1,-4,1,1.766441661243765,53
4,-9.612709784267834,0,-7.5679538005758875,3,3,0,1,-3,1,0.6061358035703156,53
3,-7.5679538005758875,0,-8.752508519044722,4,6,0,0,-10,0,2.496741107435003,53
3,-3.4125694778058655,0,-8.078779424341878,4,31,0,0,-5,1,3.8501476017100584,135
3,-8.040313143514082,0,-3.4125694778058655,1,5,0,1,-1,0,3.8501476017100584,51
4,-6.649312891356779,0,-6.742746898002876,1,15,0,1,-18,1,1.0045833390198333,51
3,-8.040313143514082,0,-4.6980515589636065,4,5,0,2,-45,0,0.6190392084062235,51
4,-3.4125694778058655,0,-6.062570067885558,4,3,0,4,-3,1,3.8501476017100584,51
4,-9.371547727450945,0,-7.899731192892893,4,18,0,2,-3,1,10,51
3,-9.177391713009987,0,-3.4125694778058655,4,17,0,1,-26,1,3.8501476017100584,39
4,-7.068962634456899,0,-3.4125694778058655,4,27,0,3,-4,1,3.8501476017100584,39
4,-10.218845587838148,0,-8.139404046158313,4,25,0,9,-3,1,0.6931471805599453,39
4,-9.445655699604668,0,-3.4125694778058655,3,8,0,1,-3,1,2.6741486494265287,145
4,-9.238016334826423,0,-8.514097495599724,4,6,0,2,-3,1,1.6739764335716716,131
4,-8.078779424341878,0,-8.484244532450042,4,2,0,1,-1,0,3.2386784521643803,131
4,-10.401167144632103,0,-6.415893677464364,3,23,0,1,-1,0,10,131
1,-7.328473829941984,0,-3.4125694778058655,4,9,0,1,-2,0,1.54663701119507,143
1,-7.328473829941984,0,-4.6980515589636065,3,9,0,1,-8,0,1.9416996165189697,143
2,-6.649312891356779,0,-3.4125694778058655,1,1,0,1,-1,0,3.8501476017100584,143
1,-6.649312891356779,0,-3.4125694778058655,3,1,0,1,-1,0,1.54663701119507,143
1,-10.401167144632103,0,-3.4125694778058655,3,13,0,1,-1,0,0.6190392084062235,143
4,-6.649312891356779,0,-3.4125694778058655,4,12,0,2,-1,0,1.0045833390198333,143
4,-3.4125694778058655,0,-6.649312891356779,4,3,0,0,-3,0,3.8501476017100584,143
2,-6.199464064089503,0,-6.08101591367631,3,1,0,1,-1,0,0.9207918647549467,153
1,-6.149818833600338,0,-5.181892985424519,3,2,0,1,-1,0,10,77
4,-6.199464064089503,0,-6.415893677464364,3,3,0,1,-5,1,10,77
1,-8.752508519044722,0,-5.860002288619924,3,1,0,1,-1,0,0.5753641449035618,77
1,-6.649312891356779,0,-5.879378567583063,3,1,0,1,-1,0,10,77
1,-6.649312891356779,0,-6.415893677464364,3,2,0,1,-1,0,10,77
4,-6.649312891356779,0,-6.415893677464364,3,3,0,1,-3,1,2.1972245773362196,54
4,-6.199464064089503,0,-7.5446969384116205,4,15,0,0,-1,0,0.9207918647549467,54
4,-10.06469490801089,0,-8.078779424341878,4,8,0,0,-9,1,1.252762968495368,54
4,-8.078779424341878,0,-3.4125694778058655,4,17,0,4,-4,0,3.2386784521643803,54
3,-7.8362177871705665,0,-8.249404941372642,3,3,0,1,-1,0,3.891820298110627,54
3,-7.8362177871705665,0,-6.199464064089503,3,3,0,1,-5,0,3.891820298110627,54
3,-6.199464064089503,0,-5.879378567583063,3,11,0,1,-1,0,5.2390980068880655,54
4,-6.199464064089503,0,-4.6980515589636065,3,6,0,1,-1,0,0.9207918647549467,54
4,-9.525698407278204,0,-4.6980515589636065,4,10,0,1,-3,1,1.791759469228055,54
1,-6.649312891356779,0,-3.4125694778058655,3,10,0,1,-1,0,5.2390980068880655,6
4,-7.967553789231654,0,-4.6980515589636065,4,3,0,4,-1,0,2.4336133554004498,6
3,-6.999969762969948,0,-6.702337359664999,3,7,0,1,-2,0,2.17742195004004,6
3,-6.702337359664999,0,-5.181892985424519,4,10,0,0,-1,0,10,6
1,-6.649312891356779,0,-6.415893677464364,3,3,0,1,-3,1,10,6
3,-7.328473829941984,0,-5.181892985424519,3,3,0,1,-5,1,10,6
4,-6.062570067885558,0,-5.181892985424519,4,3,0,1,-1,0,10,6
1,-6.199464064089503,0,-6.986724536219928,4,3,0,0,-1,0,0.9207918647549467,6
4,-6.986724536219928,0,-3.4125694778058655,3,7,0,1,-3,0,3.8501476017100584,6
1,-6.199464064089503,0,-6.986724536219928,4,3,0,1,-13,0,0.9207918647549467,6
4,-6.986724536219928,0,-6.986724536219928,4,19,0,0,-3,0,4.976733742420574,6
4,-6.986724536219928,0,-6.649312891356779,1,26,0,1,-2,0,0.9207918647549467,6
4,-6.199464064089503,0,-7.158574793146586,3,2,0,1,-1,0,0.9207918647549467,86
3,-6.199464064089503,0,-3.4125694778058655,2,16,0,1,16,0,3.8501476017100584,86
3,-3.4125694778058655,0,-3.4125694778058655,4,2,0,2,-4,1,0.9207918647549467,86
4,-6.199464064089503,0,-5.181892985424519,4,10,0,0,10,0,5.7745515455444085,86
4,-6.149818833600338,0,-7.090624131238079,3,2,0,1,-1,0,3.2188758248682006,86
3,-6.649312891356779,0,-7.190323491461167,3,1,0,1,-1,0,1.3609765531356008,86
4,-6.199464064089503,0,-9.371547727450945,4,6,0,0,6,0,0.9207918647549467,86
3,-8.181963660577109,0,-7.090624131238079,4,22,0,1,-3,1,1.54663701119507,47
3,-6.08101591367631,0,-9.177391713009987,4,1,0,0,-9,0,5.236441962829949,47
4,-9.177391713009987,0,-7.950162046519784,4,12,0,10,-3,1,10,47
4,-7.366214157924831,0,-3.4125694778058655,3,2,0,1,-3,1,1.791759469228055,47
4,-9.371547727450945,0,-8.714768191061875,4,4,0,3,-3,1,2.639057329615259,47
4,-8.714768191061875,0,-4.6980515589636065,4,9,0,0,-4,0,10,47
3,-8.139404046158313,0,-8.714768191061875,3,2,0,1,-3,1,1.3862943611198906,47
3,-8.139404046158313,0,-3.4125694778058655,2,2,0,1,-9,0,3.8501476017100584,47
4,-10.624310695946313,0,-7.190323491461167,3,8,0,1,-1,0,3.960813169597578,8
1,-6.199464064089503,0,-6.742746898002876,3,22,0,1,-1,0,0.9207918647549467,8
4,-6.199464064089503,0,-5.181892985424519,3,9,0,1,9,0,5.82600010738045,8
4,-6.199464064089503,0,-6.542544915931073,3,9,0,1,-1,0,0.9207918647549467,8
4,-4.6980515589636065,0,-7.328473829941984,1,2,0,1,-14,0,10,8
1,-7.328473829941984,0,-6.415893677464364,1,19,0,1,-4,1,10,8
1,-6.199464064089503,0,-6.742746898002876,3,11,0,1,11,0,0.9207918647549467,8
4,-7.747925180024889,0,-6.742746898002876,3,10,0,1,10,0,1.864784604242945,8
3,-6.199464064089503,0,-6.742746898002876,1,13,0,1,13,0,0.9207918647549467,8
4,-8.139404046158313,0,-4.6980515589636065,3,0,0,1,-1,0,1.3862943611198906,8
3,-6.149818833600338,0,-4.6980515589636065,4,1,0,2,-8,1,5.308267697401205,111
3,-9.931163515386368,0,-7.366214157924831,3,32,0,1,24,0,10,111
3,-10.911992768398093,0,-9.931163515386368,3,1,0,1,-6,0,10,111
3,-9.931163515386368,0,-7.190323491461167,3,5,0,1,-14,0,1.3609765531356008,111
3,-9.931163515386368,0,-3.4125694778058655,3,25,0,1,-1,0,5.308267697401205,111
4,-9.931163515386368,0,-3.4125694778058655,3,11,0,1,-1,0,5.308267697401205,111
4,-7.061845166688036,0,-3.4125694778058655,3,31,0,1,-1,0,5.308267697401205,111
3,-9.931163515386368,0,-3.4125694778058655,3,9,0,1,9,0,5.308267697401205,111
4,-12.010605057066204,0,-3.4125694778058655,3,6,0,1,-1,0,5.308267697401205,111
4,-6.702337359664999,0,-3.4125694778058655,3,11,0,1,-4,0,5.308267697401205,111
3,-9.445655699604668,0,-7.851721973706532,3,10,0,1,10,0,1.791759469228055,78
4,-6.149818833600338,0,-4.6980515589636065,3,0,0,1,-3,1,10,125
4,-10.624310695946313,0,-3.4125694778058655,3,8,0,1,-1,0,3.8501476017100584,125
4,-6.149818833600338,0,-7.190323491461167,3,20,0,1,-1,0,10,125
3,-7.257014865959839,0,-9.931163515386368,4,8,0,0,8,0,3.960813169597578,125
1,-6.542544915931073,0,-4.6980515589636065,4,32,0,2,-3,1,1.9416996165189697,155
4,-9.302554855963994,0,-3.4125694778058655,4,52,0,2,8,0,10,155
1,-7.083351371908999,0,-7.899731192892893,1,12,0,1,-5,1,10,155
4,-6.149818833600338,0,-4.6980515589636065,4,1,0,3,-3,1,5.308267697401205,155
1,-10.911992768398093,0,-5.181892985424519,4,14,0,0,-1,0,1.2039728043259361,155
4,-7.747925180024889,0,-4.6980515589636065,1,32,0,1,-1,0,1.766441661243765,155
1,-8.098582051638058,0,-6.542544915931073,4,2,0,0,-9,0,2.70805020110221,155
1,-6.542544915931073,0,-9.066166077899764,1,15,0,1,6,0,1.9416996165189697,155
1,-6.542544915931073,0,-4.6980515589636065,4,15,0,2,-3,1,10,155
4,-6.199464064089503,0,-5.181892985424519,2,10,0,1,10,0,10,159
4,-12.010605057066204,0,-6.199464064089503,4,2,0,0,-6,0,10,159
4,-6.199464064089503,0,-3.4125694778058655,1,9,0,1,-1,0,5.2390980068880655,159
1,-6.149818833600338,0,-9.302554855963994,4,12,0,5,12,0,1.766441661243765,159
1,-7.328473829941984,0,-8.347043410936557,4,4,0,0,-2,0,1.54663701119507,159
4,-6.199464064089503,0,-7.257014865959839,2,3,0,1,-1,0,0.9207918647549467,129
4,-7.916260494844103,0,-7.090624131238079,3,10,0,1,-3,1,3.3141860046725258,129
3,-3.4125694778058655,0,-7.899731192892893,4,16,0,2,-3,1,1.0045833390198333,129
4,-6.649312891356779,1,-3.4125694778058655,4,22,0,2,-1,0,5.308267697401205,129
3,-3.4125694778058655,0,-6.415893677464364,3,16,0,1,-17,1,2.833213344056216,129
4,-6.986724536219928,0,-6.1757943200035985,2,13,0,1,-1,0,4.976733742420574,129
4,-9.371547727450945,0,-5.181892985424519,1,2,0,1,-1,0,10,129
4,-6.199464064089503,0,-6.415893677464364,3,11,0,1,11,0,5.82600010738045,129
2,-6.649312891356779,0,-5.181892985424519,1,1,0,1,-1,0,1.766441661243765,129
4,-6.199464064089503,0,-6.649312891356779,1,8,0,1,8,0,0.9207918647549467,129
1,-6.649312891356779,0,-5.181892985424519,3,2,0,1,-1,0,10,129
1,-6.649312891356779,0,-8.297032990361895,4,2,0,1,-1,0,1.0045833390198333,129
4,-8.297032990361895,0,-11.317457876506259,3,4,0,1,-1,0,10,129
3,-11.317457876506259,0,-8.832551226718259,4,7,0,0,-3,0,10,129
4,-8.832551226718259,0,-3.4125694778058655,3,11,0,1,-3,0,3.8501476017100584,129
4,-6.199464064089503,0,-10.624310695946313,1,3,0,1,-1,0,0.9207918647549467,52
4,-6.199464064089503,0,-6.08101591367631,4,3,0,11,-3,1,0.9207918647549467,52
1,-6.199464064089503,0,-6.404802990770206,3,12,0,1,12,0,0.9207918647549467,52
3,-6.199464064089503,0,-3.4125694778058655,1,18,0,1,18,0,5.2390980068880655,52
1,-9.612709784267834,0,-10.218845587838148,1,1,0,2,-3,1,0.6061358035703156,52
1,-6.199464064089503,0,-7.158574793146586,3,8,0,1,8,0,0.9207918647549467,52
4,-8.203942567295885,0,-7.851721973706532,4,5,0,2,-3,1,2.1972245773362196,100
4,-8.203942567295885,0,-9.445655699604668,3,5,0,1,-15,1,10,100
3,-6.149818833600338,0,-7.385632243781933,3,1,0,1,-3,1,1.766441661243765,100
3,-6.149818833600338,0,-6.702337359664999,4,1,0,2,-7,0,1.766441661243765,100
4,-6.649312891356779,0,-5.879378567583063,4,2,0,2,-1,0,10,100
3,-6.649312891356779,0,-9.238016334826423,3,1,0,1,-3,1,1.0045833390198333,100
4,-8.576617852581057,0,-3.4125694778058655,3,9,0,1,-1,0,10,100
3,-6.08101591367631,0,-4.6980515589636065,3,10,0,1,-3,1,4.382026634673881,100
1,-6.649312891356779,0,-4.6980515589636065,1,2,0,1,-1,0,5.7745515455444085,3
4,-6.702337359664999,0,-8.297032990361895,4,6,0,0,6,0,5.308267697401205,3
2,-6.149818833600338,0,-5.181892985424519,1,2,0,1,-1,0,10,3
3,-6.199464064089503,0,-6.149818833600338,3,10,0,1,10,0,0.9207918647549467,3
2,-6.149818833600338,1,-3.4125694778058655,3,2,0,1,-1,0,3.8501476017100584,3
1,-7.061845166688036,0,-3.4125694778058655,3,8,0,1,8,0,3.791736839553644,3
1,-6.649312891356779,0,-4.6980515589636065,1,8,0,1,-1,0,10,3
4,-7.328473829941984,0,-3.4125694778058655,2,4,0,1,-2,0,1.54663701119507,3
4,-10.401167144632103,0,-6.542544915931073,4,9,0,0,9,0,1.3862943611198906,3
4,-6.199464064089503,0,-5.181892985424519,1,11,0,1,11,0,1.766441661243765,3
4,-8.714768191061875,0,-4.6980515589636065,3,1,0,1,-1,0,3.3141860046725258,3
4,-6.199464064089503,0,-4.6980515589636065,3,8,0,1,8,0,0.9207918647549467,3
4,-6.199464064089503,0,-7.190323491461167,3,9,0,1,9,0,1.9416996165189697,3
1,-9.445655699604668,0,-8.752508519044722,1,15,0,1,15,0,1.791759469228055,3
1,-8.752508519044722,0,-6.415893677464364,3,2,0,1,-1,0,5.7745515455444085,3
1,-8.752508519044722,0,-8.752508519044722,3,8,0,1,-1,0,0.5753641449035618,3
1,-10.911992768398093,0,-7.950162046519784,4,6,0,2,-3,1,10,3
1,-6.649312891356779,0,-7.158574793146586,1,2,0,1,-1,0,1.0045833390198333,3
1,-6.649312891356779,0,-3.4125694778058655,4,2,0,10,-8,0,1.0045833390198333,3
1,-6.999969762969948,0,-6.702337359664999,1,31,0,1,9,0,2.17742195004004,81
1,-6.999969762969948,0,-3.4125694778058655,4,31,0,3,-3,1,10,81
4,-8.609407675404048,0,-8.64330922707973,4,5,0,0,-1,0,10,81
4,-8.64330922707973,0,-7.310124691273788,4,7,0,0,-5,0,10,81
4,-7.310124691273788,0,-3.4125694778058655,4,14,0,3,-3,1,10,81
4,-7.310124691273788,0,-7.851721973706532,4,14,0,0,-9,1,10,81
4,-3.4125694778058655,0,-9.120233299170039,1,1,0,1,-8,0,3.8501476017100584,81
1,-9.120233299170039,0,-3.4125694778058655,1,12,0,1,-3,1,10,81
1,-8.347043410936557,0,-6.542544915931073,4,8,0,0,-4,0,1.3609765531356008,81
1,-6.542544915931073,0,-3.4125694778058655,3,6,0,11,-4,1,10,81
4,-6.649312891356779,0,-5.181892985424519,3,8,0,1,8,0,10,107
1,-7.747925180024889,0,-3.4125694778058655,3,11,0,1,11,0,5.2390980068880655,107
1,-7.747925180024889,0,-6.702337359664999,3,9,0,1,9,0,1.864784604242945,107
3,-6.199464064089503,0,-6.702337359664999,4,10,0,2,10,0,0.9207918647549467,107
1,-9.371547727450945,0,-5.181892985424519,3,1,0,1,-1,0,0.6190392084062235,107
3,-7.747925180024889,0,-5.181892985424519,3,14,0,1,14,0,1.766441661243765,107
1,-6.199464064089503,0,-6.904659583165623,1,9,0,1,9,0,0.9207918647549467,107
4,-3.4125694778058655,0,-9.238016334826423,4,2,0,4,-6,0,3.8501476017100584,107
4,-9.238016334826423,0,-3.4125694778058655,3,14,0,1,-1,0,2.772588722239781,107
4,-6.199464064089503,0,-4.6980515589636065,4,13,0,2,13,0,0.9207918647549467,107
3,-6.199464064089503,0,-6.702337359664999,4,1,0,3,-1,0,0.9207918647549467,107
4,-7.967553789231654,0,-3.4125694778058655,3,3,0,1,-1,0,2.4336133554004498,107
1,-8.752508519044722,0,-3.4125694778058655,4,7,0,3,-3,1,3.8501476017100584,107
1,-8.752508519044722,0,-6.415893677464364,4,1,0,2,-1,0,5.308267697401205,107
4,-9.525698407278204,0,-6.649312891356779,1,7,0,1,-3,1,10,50
1,-6.649312891356779,0,-6.415893677464364,4,14,0,8,-1,0,10,50
4,-9.525698407278204,0,-4.6980515589636065,1,7,0,1,-20,0,1.9416996165189697,50
1,-6.404802990770206,0,-6.062570067885558,4,54,0,0,-2,0,10,50
1,-7.366214157924831,0,-10.401167144632103,4,1,0,2,-1,0,3.2188758248682006,50
4,-10.401167144632103,0,-10.401167144632103,4,4,0,0,-2,0,10,50
1,-7.366214157924831,0,-6.986724536219928,1,1,0,1,-9,0,3.2188758248682006,50
1,-6.999969762969948,0,-7.916260494844103,4,1,0,3,-3,1,2.17742195004004,50
4,-7.328473829941984,0,-4.6980515589636065,2,5,0,1,-3,1,10,50
3,-4.6980515589636065,0,-7.190323491461167,1,1,0,1,-7,0,4.976733742420574,61
3,-7.3954845402249445,0,-5.181892985424519,4,1,0,2,-1,0,1.766441661243765,61
4,-6.149818833600338,0,-9.708019964072157,4,6,0,2,-1,0,1.766441661243765,61
3,-7.3954845402249445,0,-3.4125694778058655,4,1,0,9,-12,0,3.8501476017100584,61
1,-8.139404046158313,0,-5.181892985424519,1,1,0,1,-16,0,1.766441661243765,93
1,-6.649312891356779,0,-4.6980515589636065,2,1,0,1,-1,0,2.908720896564361,93
1,-6.649312891356779,0,-6.649312891356779,1,1,0,1,-12,0,1.0045833390198333,93
1,-6.649312891356779,0,-4.6980515589636065,2,16,0,1,-1,0,10,93
4,-9.708019964072157,0,-3.4125694778058655,3,30,0,1,-6,0,2.833213344056216,93
1,-6.742746898002876,0,-6.149818833600338,1,2,0,1,-22,0,10,149
1,-6.149818833600338,0,-3.4125694778058655,3,26,0,1,-1,0,10,149
4,-9.612709784267834,0,-6.415893677464364,4,11,0,1,-3,1,10,149
4,-8.791729232198003,0,-6.415893677464364,3,4,0,1,-9,1,10,149
4,-8.678400546891,0,-7.950162046519784,4,11,0,1,-3,1,10,149
4,-7.950162046519784,0,-3.4125694778058655,4,31,0,0,1,1,3.8501476017100584,149
1,-6.649312891356779,0,-3.4125694778058655,3,20,0,1,9,0,10,95
4,-9.371547727450945,0,-6.649312891356779,1,1,0,1,-9,0,1.791759469228055,95
1,-6.649312891356779,0,-5.879378567583063,1,20,0,1,-2,0,5.82600010738045,95
4,-9.813380479729984,0,-5.879378567583063,3,11,0,1,-5,0,4.382026634673881,95
1,-8.752508519044722,0,-3.4125694778058655,3,29,0,1,-1,0,3.8501476017100584,95
4,-6.649312891356779,0,-7.950162046519784,3,2,0,1,-1,0,1.0045833390198333,95
4,-6.649312891356779,0,-6.415893677464364,4,2,0,3,-7,1,10,95
4,-8.714768191061875,0,-4.6980515589636065,3,5,0,1,5,0,10,95
4,-8.966082619342782,0,-4.6980515589636065,3,5,0,1,-1,0,10,95
3,-4.6980515589636065,0,-3.4125694778058655,3,1,0,1,-13,0,10,95
4,-8.203942567295885,0,-3.4125694778058655,4,6,0,10,-1,0,2.1972245773362196,144
4,-6.199464064089503,0,-3.4125694778058655,2,3,0,1,-1,0,3.8501476017100584,144
1,-6.649312891356779,0,-3.4125694778058655,4,1,0,5,-1,0,3.8501476017100584,144
3,-11.317457876506259,0,-3.4125694778058655,4,12,0,7,-3,1,0.6931471805599453,144
1,-3.4125694778058655,0,-6.415893677464364,4,2,0,2,-3,1,10,144
1,-8.832551226718259,0,-9.708019964072157,2,14,0,1,-2,0,1.791759469228055,144
1,-8.832551226718259,0,-3.4125694778058655,4,14,0,0,-7,0,3.8501476017100584,144
4,-9.238016334826423,0,-3.4125694778058655,2,26,0,1,-3,1,3.8501476017100584,144
2,-7.3954845402249445,0,-5.181892985424519,3,1,0,1,-1,0,10,144
4,-11.317457876506259,0,-9.931163515386368,4,32,0,0,-4,0,10,144
4,-6.649312891356779,0,-6.415893677464364,3,8,0,1,-1,0,10,101
4,-6.649312891356779,0,-6.415893677464364,3,18,0,1,-1,0,10,101
1,-8.139404046158313,0,-6.199464064089503,4,1,0,9,-1,0,1.3862943611198906,101
2,-6.649312891356779,0,-5.181892985424519,4,16,0,2,-1,0,5.82600010738045,101
4,-6.199464064089503,0,-9.238016334826423,1,11,0,1,-14,0,0.9207918647549467,101
1,-6.649312891356779,0,-6.649312891356779,3,13,0,2,-1,0,1.0045833390198333,101
3,-6.649312891356779,0,-5.181892985424519,4,16,0,2,-3,1,5.82600010738045,101
1,-6.649312891356779,0,-8.139404046158313,1,2,0,1,-1,0,1.0045833390198333,101
4,-6.199464064089503,0,-5.879378567583063,1,10,0,1,-2,0,10,101
4,-7.328473829941984,0,-3.4125694778058655,4,9,0,5,-2,0,10,101
3,-8.752508519044722,0,-5.879378567583063,3,1,0,1,-3,1,10,141
4,-9.612709784267834,0,-5.879378567583063,4,8,0,2,-3,1,10,141
4,-7.3954845402249445,0,-4.6980515589636065,3,10,0,1,-3,1,1.7707060600302227,141
1,-6.649312891356779,0,-7.158574793146586,4,13,0,6,-1,0,1.0045833390198333,141
1,-8.514097495599724,0,-6.415893677464364,4,3,0,3,-3,1,10,141
1,-9.445655699604668,0,-9.371547727450945,1,6,0,1,6,0,1.466337068793427,141
1,-9.445655699604668,0,-4.6980515589636065,4,6,0,3,-3,1,1.466337068793427,141
4,-6.649312891356779,0,-3.4125694778058655,4,3,0,2,-1,0,5.2390980068880655,141
4,-9.612709784267834,0,-5.879378567583063,4,4,0,5,-3,1,10,141
1,-6.649312891356779,0,-7.090624131238079,3,4,0,1,-1,0,10,141
4,-6.649312891356779,0,-4.6980515589636065,4,3,0,3,-1,0,1.0045833390198333,152
4,-8.139404046158313,0,-3.4125694778058655,4,0,0,24,-3,1,1.3862943611198906,152
2,-6.649312891356779,0,-8.139404046158313,3,8,0,1,2,0,1.0045833390198333,142
1,-6.999969762969948,0,-9.302554855963994,4,5,0,6,-3,1,2.17742195004004,142
4,-8.609407675404048,0,-8.226415423147943,3,2,0,1,-1,0,0.5596157879354228,142
3,-6.999969762969948,0,-6.08101591367631,4,1,0,14,-1,0,2.17742195004004,142
1,-8.752508519044722,1,-4.6980515589636065,3,6,0,1,2,0,5.2390980068880655,102
3,-7.3954845402249445,0,-6.1757943200035985,3,27,0,1,-3,1,1.7707060600302227,102
4,-7.328473829941984,0,-3.4125694778058655,4,14,0,2,-2,0,10,105
4,-10.218845587838148,0,-7.5446969384116205,4,0,0,0,-13,0,1.0986122886681098,105
4,-6.199464064089503,0,-4.6980515589636065,1,2,0,1,-2,0,10,105
4,-6.199464064089503,0,-8.752508519044722,4,21,0,0,-1,0,0.9207918647549467,105
4,-8.752508519044722,0,-8.752508519044722,4,22,0,0,-5,0,10,105
1,-6.742746898002876,0,-8.752508519044722,1,19,0,1,-20,0,10,105
3,-8.484244532450042,0,-6.149818833600338,3,13,0,1,-1,0,2.833213344056216,105
3,-6.199464064089503,0,-6.199464064089503,4,11,0,1,-1,0,0.9207918647549467,105
4,-6.199464064089503,0,-6.149818833600338,3,15,0,1,-1,0,0.9207918647549467,105
3,-6.149818833600338,0,-3.4125694778058655,3,4,0,1,-1,0,5.2390980068880655,105
3,-6.149818833600338,0,-6.149818833600338,3,4,0,1,-7,0,1.766441661243765,105
3,-6.149818833600338,0,-3.4125694778058655,3,13,0,1,-1,0,5.2390980068880655,105
3,-6.702337359664999,0,-3.4125694778058655,3,3,0,1,-13,0,3.8501476017100584,105
3,-6.199464064089503,0,-8.752508519044722,4,6,0,0,-1,0,0.9207918647549467,105
4,-8.752508519044722,0,-8.752508519044722,4,9,0,0,-5,0,10,105
4,-9.612709784267834,0,-4.6980515589636065,3,6,0,1,-1,0,10,105
3,-6.649312891356779,0,-5.879378567583063,4,24,0,0,-1,0,5.236441962829949,140
3,-6.702337359664999,0,-10.06469490801089,3,10,0,1,-20,0,5.308267697401205,140
4,-6.199464064089503,0,-4.6980515589636065,3,9,0,1,-9,1,1.8870696490323797,140
3,-7.366214157924831,0,-3.4125694778058655,2,1,0,1,-1,0,10,140
3,-5.181892985424519,0,-6.742746898002876,4,1,0,0,-1,0,5.82600010738045,140
3,-8.297032990361895,0,-6.1757943200035985,3,13,0,1,-1,0,10,140
4,-6.649312891356779,0,-3.4125694778058655,4,26,0,6,-3,1,1.0045833390198333,48
4,-10.401167144632103,0,-6.542544915931073,3,6,0,1,6,0,0,48
3,-6.649312891356779,0,-7.127803134479833,4,1,0,1,-3,1,10,48
3,-7.3954845402249445,0,-3.4125694778058655,4,6,0,1,6,0,3.8501476017100584,48
3,-7.3954845402249445,0,-5.181892985424519,2,6,0,1,-1,0,10,48
2,-6.199464064089503,0,-5.879378567583063,3,3,0,1,-1,0,10,48
2,-6.199464064089503,0,-5.879378567583063,3,3,0,1,-7,0,10,48
4,-6.649312891356779,0,-3.4125694778058655,2,3,0,1,-1,0,1.0045833390198333,67
1,-6.649312891356779,0,-4.6980515589636065,3,4,0,1,-1,0,1.0045833390198333,67
3,-4.6980515589636065,0,-3.4125694778058655,3,7,0,1,-3,0,3.8501476017100584,67
1,-9.120233299170039,0,-8.003271871833732,1,6,0,1,6,0,0.6359887667199967,67
1,-9.120233299170039,0,-3.4125694778058655,4,6,0,2,-1,0,3.8501476017100584,67
1,-9.120233299170039,0,-9.120233299170039,1,6,0,1,-8,0,0.6359887667199967,67
1,-9.120233299170039,0,-9.177391713009987,4,17,0,1,-3,1,0.6359887667199967,67
1,-9.120233299170039,0,-12.010605057066204,1,3,0,1,-3,1,0.6359887667199967,67
1,-12.010605057066204,0,-7.5679538005758875,1,6,0,1,-4,0,10,67
3,-7.556257760812696,0,-6.649312891356779,1,8,0,1,-6,0,10,67
1,-6.649312891356779,0,-6.702337359664999,1,17,0,1,-3,1,1.0045833390198333,67
4,-7.061845166688036,0,-3.4125694778058655,4,4,0,5,-1,0,3.791736839553644,67
1,-10.624310695946313,0,-6.649312891356779,1,33,0,1,33,0,1.3862943611198906,67
1,-6.649312891356779,0,-3.4125694778058655,4,1,0,12,-3,1,1.0045833390198333,67
4,-9.238016334826423,0,-3.4125694778058655,4,2,0,36,-4,1,2.0794415416798357,45
3,-8.966082619342782,0,-7.090624131238079,4,1,0,3,-3,1,3.8501476017100584,45
3,-8.966082619342782,0,-3.4125694778058655,4,1,0,2,-8,0,3.8501476017100584,45
3,-8.966082619342782,0,-6.415893677464364,1,1,0,1,-15,0,2.0794415416798357,45
3,-6.149818833600338,0,-3.4125694778058655,3,12,0,1,-1,0,5.82600010738045,45
4,-6.199464064089503,0,-3.4125694778058655,4,22,0,16,-1,0,0.9207918647549467,1
4,-9.525698407278204,0,-5.879378567583063,3,4,0,1,-9,1,10,1
4,-6.199464064089503,0,-9.120233299170039,4,11,0,1,-1,0,0.9207918647549467,126
4,-9.120233299170039,0,-3.4125694778058655,4,14,0,2,-3,0,10,126
4,-8.181963660577109,0,-7.127803134479833,4,7,0,7,-1,0,10,126
4,-6.199464064089503,0,-9.238016334826423,4,4,0,8,-1,0,0.9207918647549467,126
4,-6.199464064089503,0,-10.218845587838148,3,8,0,1,-1,0,0.9207918647549467,126
4,-8.139404046158313,0,-6.649312891356779,4,1,0,2,-11,0,10,113
4,-6.649312891356779,0,-10.624310695946313,2,17,0,1,-1,0,1.0045833390198333,113
4,-8.791729232198003,0,-4.6980515589636065,4,3,0,7,-3,1,10,113
4,-8.609407675404048,0,-4.6980515589636065,3,3,0,7,-1,0,10,113
4,-8.752508519044722,0,-9.302554855963994,4,1,0,3,-3,1,0.5753641449035618,113
4,-6.199464064089503,0,-3.4125694778058655,3,7,0,1,-1,0,10,113
4,-6.199464064089503,0,-7.366214157924831,3,1,0,1,-1,0,0.9207918647549467,113
3,-7.366214157924831,0,-4.6980515589636065,4,3,0,1,-1,0,3.8501476017100584,113
3,-7.366214157924831,0,-7.950162046519784,4,3,0,2,-7,0,3.2188758248682006,113
4,-6.199464064089503,0,-8.752508519044722,4,16,0,1,-1,0,0.9207918647549467,113
4,-6.199464064089503,0,-4.6980515589636065,4,10,0,8,-1,0,2.908720896564361,113
4,-6.199464064089503,0,-8.181963660577109,3,2,0,1,-1,0,0.9207918647549467,113
3,-8.181963660577109,0,-7.805912437675238,4,4,0,7,-1,0,0.9382696385929302,113
3,-4.6980515589636065,0,-3.4125694778058655,3,28,0,1,-1,0,10,18
4,-6.199464064089503,0,-4.6980515589636065,3,18,0,8,-1,0,10,18
4,-9.302554855963994,0,-3.4125694778058655,4,3,0,12,-3,1,10,11
4,-7.328473829941984,0,-6.415893677464364,3,11,0,1,-2,0,10,11
4,-8.040313143514082,0,-4.6980515589636065,3,3,0,1,-1,0,10,11
4,-7.5679538005758875,0,-10.06469490801089,4,1,0,1,-1,0,2.496741107435003,11
4,-8.514097495599724,0,-3.4125694778058655,4,7,0,3,-5,1,10,11
4,-10.06469490801089,0,-6.08101591367631,4,5,0,0,-12,0,10,11
3,-8.139404046158313,0,-10.401167144632103,4,63,0,0,-1,0,10,11
4,-10.401167144632103,0,-12.010605057066204,4,65,0,0,-3,0,10,11
4,-10.218845587838148,0,-12.010605057066204,4,1,0,3,-3,1,0.6931471805599453,11
4,-12.010605057066204,0,-3.4125694778058655,3,8,0,1,-24,0,3.8501476017100584,11
4,-7.328473829941984,0,-3.4125694778058655,4,12,0,4,-8,1,10,11
4,-8.040313143514082,0,-7.385632243781933,4,1,0,1,-1,0,0.6190392084062235,11
4,-6.062570067885558,0,-8.64330922707973,3,6,0,1,-9,0,5.2390980068880655,11
3,-8.64330922707973,0,-7.385632243781933,4,17,0,1,-1,0,0.5978370007556204,11
4,-7.328473829941984,0,-8.297032990361895,4,1,0,1,-5,1,1.54663701119507,11
4,-8.297032990361895,0,-7.8362177871705665,4,16,0,0,-8,0,10,11
4,-7.8362177871705665,0,-7.328473829941984,4,25,0,0,-4,0,10,11
4,-8.040313143514082,0,-8.609407675404048,4,1,0,3,-6,1,0.6190392084062235,11
4,-7.310124691273788,0,-9.177391713009987,4,2,0,3,-1,0,2.1400661634962708,68
4,-6.542544915931073,0,-8.181963660577109,4,2,0,9,-1,0,1.9416996165189697,122
4,-6.199464064089503,0,-8.181963660577109,3,7,0,1,-1,0,0.9207918647549467,23
4,-10.911992768398093,0,-4.6980515589636065,4,10,0,2,-1,0,1.0986122886681098,23
3,-6.199464064089503,0,-5.879378567583063,1,6,0,1,-1,0,10,23
4,-6.999969762969948,0,-10.624310695946313,4,31,0,5,-1,0,2.17742195004004,23
4,-8.203942567295885,0,-3.4125694778058655,4,2,0,6,-3,1,10,121
4,-8.678400546891,0,-3.4125694778058655,4,8,0,2,-9,1,10,121
4,-8.040313143514082,0,-5.879378567583063,3,23,0,1,-3,1,4.382026634673881,121
4,-7.5679538005758875,0,-4.6980515589636065,1,11,0,2,-5,0,10,121
4,-10.06469490801089,0,-6.649312891356779,1,5,0,1,-1,0,10,121
4,-7.5679538005758875,0,-3.4125694778058655,4,2,0,3,-3,1,10,121
4,-8.484244532450042,0,-3.4125694778058655,4,2,0,3,-3,1,3.8501476017100584,121
4,-8.040313143514082,0,-7.3954845402249445,4,19,0,3,-1,0,0.6190392084062235,121
4,-12.010605057066204,0,-4.6980515589636065,4,15,0,7,-3,1,10,121
4,-12.010605057066204,0,-7.5679538005758875,4,15,0,0,-11,0,0,121
4,-7.5679538005758875,0,-3.4125694778058655,4,28,0,3,-3,1,10,121
4,-7.5679538005758875,0,-9.708019964072157,4,28,0,0,-15,1,10,121
4,-6.199464064089503,0,-4.6980515589636065,4,7,0,1,-3,1,0.9207918647549467,2
4,-4.6980515589636065,0,-3.4125694778058655,4,17,0,4,-3,0,10,2
4,-6.199464064089503,0,-7.603885809801951,4,1,0,6,-3,1,0.9207918647549467,2
4,-8.64330922707973,0,-10.624310695946313,4,11,0,4,-3,1,0.5978370007556204,56
4,-8.64330922707973,0,-3.4125694778058655,3,1,0,1,-1,0,10,56
4,-8.64330922707973,0,-3.4125694778058655,4,2,0,2,-3,1,10,56
4,-7.328473829941984,0,-4.6980515589636065,4,6,0,2,-3,1,10,56
4,-7.328473829941984,0,-7.158574793146586,1,6,0,1,-10,1,10,56
4,-7.328473829941984,0,-4.6980515589636065,4,6,0,2,-3,1,10,56
4,-7.328473829941984,0,-7.158574793146586,1,6,0,1,-10,1,10,56
4,-8.64330922707973,0,-3.4125694778058655,3,1,0,1,-3,1,4.382026634673881,56
4,-8.64330922707973,0,-3.4125694778058655,3,6,0,1,-3,1,10,56
4,-8.64330922707973,0,-7.510795386735939,4,6,0,0,-9,0,0.5978370007556204,56
3,-8.64330922707973,0,-3.4125694778058655,3,2,0,1,-3,1,10,56
3,-8.64330922707973,0,-3.4125694778058655,4,2,0,1,-1,0,3.8501476017100584,56
3,-8.64330922707973,0,-8.64330922707973,4,2,0,0,-5,0,0.5978370007556204,56
4,-8.64330922707973,0,-4.6980515589636065,3,8,0,1,-1,0,0.5978370007556204,56
4,-6.199464064089503,0,-8.576617852581057,4,30,0,4,30,0,0.9207918647549467,16
4,-8.576617852581057,0,-8.64330922707973,4,4,0,3,-11,0,10,16
3,-8.040313143514082,0,-10.624310695946313,4,9,0,2,9,0,2.871679624884012,16
3,-8.040313143514082,0,-8.791729232198003,4,9,0,4,-1,0,2.871679624884012,16
4,-8.040313143514082,0,-3.4125694778058655,4,48,0,7,48,0,10,16
4,-7.9330676131604845,0,-6.199464064089503,4,2,0,2,-4,0,10,16
4,-6.199464064089503,0,-5.879378567583063,4,9,0,2,-1,0,10,16
4,-8.040313143514082,0,-6.415893677464364,2,8,0,1,-1,0,10,16
4,-6.199464064089503,0,-6.649312891356779,1,11,0,1,-2,0,0.9207918647549467,160
1,-6.649312891356779,0,-4.6980515589636065,3,15,0,1,-1,0,2.1972245773362196,160
3,-6.199464064089503,0,-7.366214157924831,2,1,0,1,-2,0,0.9207918647549467,160
4,-6.199464064089503,0,-3.4125694778058655,3,9,0,1,-2,0,10,160
4,-8.203942567295885,0,-3.4125694778058655,4,2,0,4,-2,0,3.349904087274605,9
4,-6.199464064089503,0,-3.4125694778058655,4,5,0,6,-1,0,10,9
4,-6.199464064089503,0,-5.879378567583063,4,10,0,3,-1,0,10,9
4,-6.199464064089503,0,-5.879378567583063,4,5,0,2,-1,0,10,9
4,-6.199464064089503,0,-5.879378567583063,4,5,0,2,-13,0,10,9
4,-7.967553789231654,0,-7.916260494844103,4,5,0,2,-1,0,2.4336133554004498,9
4,-9.371547727450945,0,-5.879378567583063,4,4,0,2,-1,0,10,9
4,-8.791729232198003,0,-10.911992768398093,4,1,0,22,-3,1,1.8325814637483102,38
4,-6.199464064089503,0,-8.272935438782836,4,14,0,2,-1,0,0.9207918647549467,38
4,-8.272935438782836,0,-4.6980515589636065,4,17,0,3,-4,0,2.3025850929940455,38
4,-6.542544915931073,0,-8.875110841137055,4,15,0,2,-1,0,1.9416996165189697,38
4,-6.199464064089503,0,-6.649312891356779,1,22,0,1,22,0,0.9207918647549467,38
1,-6.649312891356779,0,-3.4125694778058655,4,2,0,6,-1,0,3.8501476017100584,38
3,-3.4125694778058655,0,-3.4125694778058655,4,15,0,1,-1,0,10,38
4,-8.678400546891,0,-7.9330676131604845,4,1,0,5,-1,0,1.9459101490553135,38
4,-7.9330676131604845,0,-8.919562603707888,3,7,0,1,-1,0,10,38
4,-7.9330676131604845,0,-8.118784758955577,4,7,0,0,-10,0,10,38
4,-6.199464064089503,0,-3.4125694778058655,3,31,0,1,31,0,10,38
4,-8.791729232198003,0,-8.752508519044722,4,1,0,3,-1,0,1.8325814637483102,38
4,-8.752508519044722,0,-8.832551226718259,4,5,0,0,-1,0,10,38
4,-6.199464064089503,0,-8.139404046158313,4,16,0,2,-1,0,0.9207918647549467,38
4,-6.199464064089503,0,-6.649312891356779,1,30,0,1,30,0,0.9207918647549467,38
1,-6.649312891356779,0,-6.149818833600338,3,2,0,5,-1,0,1.0045833390198333,38
3,-6.149818833600338,0,-3.4125694778058655,3,4,0,1,-9,0,3.8501476017100584,38
4,-6.199464064089503,0,-6.649312891356779,1,10,0,1,-2,0,0.9207918647549467,38
1,-6.649312891356779,0,-3.4125694778058655,4,14,0,2,-1,0,3.8501476017100584,38
1,-6.649312891356779,0,-3.4125694778058655,3,20,0,1,-1,0,3.367295829986474,38
4,-6.199464064089503,0,-5.860002288619924,4,1,0,3,-1,0,0.9207918647549467,38
4,-6.199464064089503,0,-6.742746898002876,3,21,0,1,21,0,0.9207918647549467,38
3,-6.742746898002876,0,-6.08101591367631,3,2,0,1,-6,0,10,38
4,-6.199464064089503,0,-4.6980515589636065,3,1,0,1,-1,0,1.9416996165189697,38
4,-6.199464064089503,0,-6.649312891356779,1,16,0,1,16,0,0.9207918647549467,38
1,-6.649312891356779,0,-3.4125694778058655,2,2,0,1,-3,1,3.8501476017100584,38
4,-6.999969762969948,0,-11.317457876506259,4,2,0,6,-1,0,2.17742195004004,74
3,-8.966082619342782,0,-6.415893677464364,4,1,0,5,-3,0,10,74
4,-6.199464064089503,0,-4.6980515589636065,3,1,0,1,-1,0,4.976733742420574,74
4,-7.310124691273788,0,-8.226415423147943,4,15,0,12,-1,0,2.1400661634962708,74
4,-6.999969762969948,0,-7.820950315039778,4,2,0,2,-3,1,2.17742195004004,74
4,-6.199464064089503,0,-7.127803134479833,4,5,0,2,-1,0,10,74
4,-8.609407675404048,0,-7.310124691273788,4,1,0,2,-1,0,0.5596157879354228,74
4,-7.310124691273788,0,-3.4125694778058655,4,4,0,2,-1,0,3.8501476017100584,74
4,-8.45525699557679,0,-7.127803134479833,4,3,0,6,-3,1,10,43
3,-8.181963660577109,0,-3.4125694778058655,4,1,0,11,-3,1,10,12
4,-8.609407675404048,0,-3.4125694778058655,4,6,0,14,-3,1,10,12
1,-8.181963660577109,1,-8.875110841137055,3,14,0,1,2,0,0.9382696385929302,75
1,-8.181963660577109,0,-4.6980515589636065,4,10,0,3,-3,1,10,75
1,-8.181963660577109,0,-3.4125694778058655,4,10,0,8,-8,0,0.9382696385929302,75
4,-10.218845587838148,0,-7.899731192892893,1,14,0,1,-3,1,10,75
1,-8.752508519044722,0,-5.879378567583063,1,6,0,1,-3,1,10,75
4,-6.199464064089503,0,-3.4125694778058655,3,2,0,1,-4,1,5.236441962829949,75
4,-9.931163515386368,0,-4.6980515589636065,3,53,0,1,-1,0,3.2188758248682006,75
4,-6.199464064089503,0,-7.385632243781933,1,16,0,1,-1,0,0.9207918647549467,75
1,-7.385632243781933,0,-4.6980515589636065,3,18,0,1,-1,0,10,75
4,-6.199464064089503,0,-7.510795386735939,3,12,0,1,-18,1,0.9207918647549467,75
4,-6.199464064089503,0,-9.120233299170039,3,12,0,1,-8,1,10,75
4,-7.967553789231654,0,-7.127803134479833,4,2,0,2,-1,0,10,19
3,-8.181963660577109,0,-4.6980515589636065,4,29,0,3,-3,1,1.7707060600302227,19
4,-7.967553789231654,0,-3.4125694778058655,1,2,0,1,-8,0,3.8501476017100584,19
1,-3.4125694778058655,0,-5.879378567583063,3,15,0,1,-3,1,10,19
3,-8.64330922707973,0,-3.4125694778058655,1,1,0,1,-4,0,3.8501476017100584,19
1,-3.4125694778058655,0,-9.612709784267834,3,8,0,1,-3,1,3.8501476017100584,19
3,-9.612709784267834,0,-8.791729232198003,4,13,0,0,-1,0,0.6061358035703156,19
4,-6.199464064089503,0,-6.415893677464364,3,3,0,1,-1,0,10,19
1,-8.181963660577109,0,-3.4125694778058655,1,2,0,1,-15,0,3.8501476017100584,19
1,-3.4125694778058655,0,-9.445655699604668,4,20,0,2,-3,1,10,19
1,-6.199464064089503,0,-8.181963660577109,1,1,0,1,-8,1,0.9207918647549467,19
4,-3.4125694778058655,0,-3.4125694778058655,3,14,0,1,-1,0,3.8501476017100584,19
4,-10.06469490801089,0,-3.4125694778058655,4,2,0,6,-3,1,10,167
1,-3.4125694778058655,0,-3.4125694778058655,4,15,0,16,-3,1,5.236441962829949,167
4,-10.624310695946313,0,-4.6980515589636065,4,2,0,8,-3,1,10,167
4,-7.328473829941984,0,-6.062570067885558,4,4,0,7,-2,0,1.54663701119507,96
4,-6.149818833600338,0,-5.181892985424519,4,3,0,4,-1,0,10,96
4,-6.649312891356779,0,-3.4125694778058655,2,3,0,1,-1,0,5.2390980068880655,96
1,-8.249404941372642,0,-7.328473829941984,3,2,0,1,-4,0,10,96
3,-7.328473829941984,0,-3.4125694778058655,3,8,0,1,-2,0,5.7745515455444085,96
1,-6.199464064089503,0,-7.385632243781933,3,21,0,1,6,0,0.9207918647549467,96
1,-6.199464064089503,1,-7.090624131238079,3,21,0,1,8,0,10,96
4,-7.8362177871705665,0,-3.4125694778058655,4,21,0,1,-4,1,10,96
1,-8.484244532450042,0,-3.4125694778058655,4,4,0,8,-1,0,10,96
4,-9.931163515386368,0,-11.317457876506259,4,13,0,15,-3,1,1.6094379124341003,134
4,-6.649312891356779,0,-4.6980515589636065,4,3,0,2,-1,0,1.0045833390198333,70
4,-4.6980515589636065,0,-3.4125694778058655,4,6,0,3,-6,1,5.236441962829949,70
4,-4.6980515589636065,0,-3.4125694778058655,4,6,0,2,-14,1,1.6739764335716716,70
4,-7.310124691273788,0,-3.4125694778058655,4,12,0,2,-3,1,3.8501476017100584,70
4,-10.06469490801089,0,-8.576617852581057,4,3,0,5,-3,1,0.3364722366212129,70
4,-8.576617852581057,0,-3.4125694778058655,4,10,0,3,-3,1,0.9490805546971459,70
4,-3.4125694778058655,0,-8.181963660577109,3,3,0,1,-1,0,3.8501476017100584,70
3,-8.181963660577109,0,-3.4125694778058655,4,14,0,14,-1,0,0.9382696385929302,70
4,-8.714768191061875,0,-5.181892985424519,4,39,0,2,-3,1,10,70
4,-10.06469490801089,0,-7.310124691273788,4,8,0,4,-3,1,0.3364722366212129,70
4,-7.310124691273788,0,-3.4125694778058655,4,14,0,2,-3,1,3.8501476017100584,70
4,-8.64330922707973,0,-3.4125694778058655,4,0,0,2,-3,1,0.5978370007556204,70
4,-9.014872783512212,0,-8.427086118610093,4,15,0,1,-3,1,2.3025850929940455,70
3,-7.733938938050149,0,-3.4125694778058655,4,21,0,5,-5,0,10,70
4,-8.714768191061875,0,-9.177391713009987,4,0,0,2,-3,1,1.6863989535702288,70
4,-9.177391713009987,0,-3.4125694778058655,4,4,0,10,-3,1,1.7346010553881064,70
4,-10.06469490801089,0,-4.6980515589636065,4,4,0,2,-3,1,0.3364722366212129,70
4,-7.068962634456899,0,-3.4125694778058655,4,0,0,3,-3,1,10,70
4,-6.542544915931073,0,-9.066166077899764,2,9,0,1,-3,1,1.9416996165189697,70
2,-6.999969762969948,0,-5.181892985424519,2,1,0,1,-3,1,0.9808292530117262,32
4,-8.832551226718259,0,-4.6980515589636065,3,17,0,1,-1,0,0.9808292530117262,32
2,-6.149818833600338,0,-3.4125694778058655,4,1,0,10,-3,1,1.766441661243765,32
2,-9.238016334826423,0,-7.158574793146586,3,1,0,1,-3,1,1.6739764335716716,32
2,-6.999969762969948,0,-7.158574793146586,3,19,0,1,-1,0,2.17742195004004,32
2,-6.904659583165623,0,-6.062570067885558,3,11,0,1,-15,0,10,32
4,-8.181963660577109,0,-8.427086118610093,4,2,0,8,-3,1,0.9382696385929302,123
4,-8.576617852581057,0,-7.127803134479833,4,9,0,2,-3,1,10,123
4,-8.181963660577109,0,-7.9330676131604845,4,1,0,1,-3,1,0.9382696385929302,123
3,-8.576617852581057,0,-3.4125694778058655,4,13,0,1,-1,0,10,123
3,-9.708019964072157,0,-4.6980515589636065,4,9,0,3,-1,0,10,123
4,-8.919562603707888,0,-10.624310695946313,4,21,0,0,-1,0,10,123
4,-9.177391713009987,0,-3.4125694778058655,3,18,0,1,3,0,10,88
4,-6.199464064089503,0,-8.39968714442198,4,6,0,3,-3,1,0.9207918647549467,88
3,-6.149818833600338,0,-6.415893677464364,3,1,0,1,-1,0,4.007333185232471,88
4,-6.199464064089503,0,-6.742746898002876,3,0,0,1,-1,0,0.9207918647549467,64
4,-9.371547727450945,0,-4.6980515589636065,3,3,0,1,-1,0,1.9459101490553135,64
3,-8.347043410936557,0,-7.292106185771109,4,15,0,2,-5,0,3.367295829986474,64
2,-8.678400546891,0,-8.347043410936557,4,2,0,2,-3,1,1.9459101490553135,64
4,-8.347043410936557,0,-3.4125694778058655,4,6,0,0,-5,0,10,64
2,-8.678400546891,0,-12.010605057066204,3,2,0,1,-17,0,1.9459101490553135,64
4,-7.310124691273788,0,-3.4125694778058655,4,2,0,7,-3,1,2.1400661634962708,64
4,-8.714768191061875,0,-4.6980515589636065,3,0,0,1,-1,0,1.6863989535702288,64
4,-6.199464064089503,0,-6.3304324480491365,3,2,0,1,-1,0,0.9207918647549467,64
1,-3.4125694778058655,0,-7.090624131238079,1,2,0,1,-4,0,10,162
4,-6.542544915931073,0,-7.8362177871705665,4,14,0,2,-1,0,1.9416996165189697,162
1,-9.708019964072157,0,-4.6980515589636065,1,1,0,1,-1,0,5.308267697401205,162
1,-3.4125694778058655,0,-3.4125694778058655,1,3,0,1,-4,0,10,162
4,-3.4125694778058655,0,-3.4125694778058655,1,5,0,1,-5,1,10,162
1,-8.752508519044722,0,-8.752508519044722,4,4,0,2,-1,0,0.5753641449035618,162
2,-6.149818833600338,0,-8.003271871833732,1,18,0,1,-3,1,1.766441661243765,4
2,-4.6980515589636065,0,-9.120233299170039,3,10,0,1,6,0,10,4
2,-6.149818833600338,0,-4.6980515589636065,3,2,0,1,-1,0,1.766441661243765,4
1,-8.139404046158313,0,-4.6980515589636065,1,4,0,1,-1,0,5.7745515455444085,4
1,-8.139404046158313,0,-8.832551226718259,1,2,0,1,-1,0,1.3862943611198906,4
1,-8.832551226718259,0,-3.4125694778058655,4,7,0,2,-1,0,3.8501476017100584,4
1,-8.832551226718259,0,-3.4125694778058655,2,7,0,1,-7,0,3.8501476017100584,4
1,-9.120233299170039,0,-3.4125694778058655,4,6,0,3,-1,0,3.2188758248682006,4
4,-9.120233299170039,0,-7.257014865959839,4,10,0,3,-3,1,0.6359887667199967,4
1,-8.139404046158313,0,-3.4125694778058655,1,30,0,1,-1,0,10,4
4,-6.199464064089503,0,-4.6980515589636065,1,4,0,1,-3,1,0.9207918647549467,4
1,-7.292106185771109,0,-4.6980515589636065,1,17,0,1,-14,0,3.3141860046725258,4
4,-7.292106185771109,0,-8.609407675404048,4,14,0,0,-1,0,3.3141860046725258,4
1,-8.297032990361895,0,-8.609407675404048,1,6,0,1,-6,0,2.0794415416798357,4
1,-6.08101591367631,0,-5.181892985424519,1,6,0,1,-4,0,1.766441661243765,4
4,-6.149818833600338,0,-8.875110841137055,2,4,0,1,-1,0,1.766441661243765,4
1,-6.149818833600338,0,-6.986724536219928,2,1,0,1,-1,0,1.766441661243765,161
4,-8.181963660577109,0,-3.4125694778058655,1,3,0,1,-3,1,2.1400661634962708,161
4,-6.08101591367631,0,-9.612709784267834,4,3,0,2,-3,1,5.236441962829949,161
4,-6.08101591367631,0,-3.4125694778058655,4,31,0,3,-3,1,10,161
4,-6.08101591367631,0,-11.317457876506259,1,5,0,1,-3,1,5.236441962829949,161
4,-7.328473829941984,0,-7.425637578395632,1,11,0,1,-2,0,1.54663701119507,161
4,-6.149818833600338,0,-3.4125694778058655,2,16,0,1,-3,1,5.2390980068880655,161
2,-6.149818833600338,0,-6.149818833600338,4,16,0,2,16,0,1.766441661243765,161
2,-6.149818833600338,0,-6.3304324480491365,1,16,0,1,-3,1,1.766441661243765,161
3,-3.4125694778058655,0,-3.4125694778058655,3,6,0,1,-2,0,10,172
1,-6.649312891356779,0,-3.4125694778058655,3,3,0,1,-1,0,5.2390980068880655,172
1,-6.649312891356779,0,-7.366214157924831,3,3,0,1,-22,0,1.0045833390198333,172
3,-7.366214157924831,0,-3.4125694778058655,3,28,0,1,-8,0,3.8501476017100584,172
1,-6.649312891356779,0,-3.4125694778058655,3,2,0,1,-1,0,5.2390980068880655,172
3,-6.199464064089503,0,-7.190323491461167,4,6,0,2,-1,0,3.8501476017100584,172
3,-6.742746898002876,0,-3.4125694778058655,3,2,0,1,-6,0,5.2390980068880655,172
4,-6.542544915931073,0,-8.45525699557679,3,17,0,1,-1,0,1.9416996165189697,172
1,-6.649312891356779,0,-6.08101591367631,3,3,0,1,-1,0,1.0045833390198333,172
1,-6.649312891356779,0,-6.649312891356779,1,3,0,1,-10,0,1.0045833390198333,172
1,-6.649312891356779,0,-3.4125694778058655,3,15,0,1,-1,0,5.2390980068880655,172
3,-4.6980515589636065,0,-8.752508519044722,1,1,0,1,-9,0,10,172
1,-8.752508519044722,0,-9.177391713009987,3,12,0,1,-1,0,0.5753641449035618,172
3,-6.986724536219928,0,-6.986724536219928,3,27,0,1,5,0,4.976733742420574,69
4,-6.149818833600338,0,-10.911992768398093,4,6,0,1,-3,1,1.766441661243765,69
1,-8.347043410936557,0,-3.4125694778058655,1,17,0,1,-6,0,1.3609765531356008,69
1,-3.4125694778058655,0,-8.272935438782836,4,25,0,0,-2,0,3.8501476017100584,69
3,-7.3954845402249445,0,-5.181892985424519,3,6,0,1,-3,1,10,69
3,-7.3954845402249445,0,-5.181892985424519,1,6,0,1,-7,0,1.766441661243765,69
1,-6.149818833600338,0,-4.6980515589636065,1,1,0,1,-1,0,10,69
2,-6.149818833600338,0,-6.702337359664999,4,2,0,1,-1,0,1.766441661243765,69
4,-6.649312891356779,0,-4.6980515589636065,4,2,0,6,-3,1,1.0045833390198333,69
1,-6.649312891356779,0,-3.4125694778058655,3,16,0,1,-1,0,3.8501476017100584,69
1,-6.149818833600338,1,-4.6980515589636065,1,27,0,1,2,0,10,69
1,-6.649312891356779,0,-3.4125694778058655,3,2,0,1,-1,0,3.8501476017100584,0
4,-7.328473829941984,0,-6.999969762969948,1,9,0,1,-5,1,1.54663701119507,0
1,-6.999969762969948,0,-3.4125694778058655,1,19,0,1,-4,1,3.8501476017100584,0
4,-6.702337359664999,0,-7.257014865959839,1,10,0,1,-4,0,5.308267697401205,0
1,-6.149818833600338,0,-3.4125694778058655,4,23,0,2,-1,0,3.8501476017100584,0
1,-6.149818833600338,0,-6.149818833600338,1,23,0,1,-10,0,1.766441661243765,0
1,-6.149818833600338,0,-7.805912437675238,4,36,0,12,-3,1,1.766441661243765,0
1,-3.4125694778058655,0,-3.4125694778058655,1,1,0,1,-2,0,5.2390980068880655,0
1,-8.514097495599724,0,-5.181892985424519,1,17,0,1,-1,0,10,0
1,-3.4125694778058655,0,-5.181892985424519,1,33,0,1,-2,0,10,0
1,-3.4125694778058655,0,-6.742746898002876,1,33,0,1,-12,0,3.8501476017100584,0
2,-7.366214157924831,0,-7.3954845402249445,1,5,0,1,5,0,3.2188758248682006,0
2,-7.366214157924831,0,-7.366214157924831,3,5,0,1,-3,0,3.2188758248682006,0
2,-7.366214157924831,0,-6.149818833600338,3,5,0,1,-16,0,3.2188758248682006,0
1,-6.149818833600338,0,-6.149818833600338,3,33,0,1,4,0,1.766441661243765,0
2,-7.366214157924831,0,-6.149818833600338,1,5,0,1,-21,0,3.2188758248682006,0
1,-6.149818833600338,0,-4.6980515589636065,1,33,0,1,-1,0,2.3025850929940455,0
1,-6.649312891356779,0,-5.181892985424519,4,3,0,9,-1,0,2.908720896564361,0
1,-7.916260494844103,0,-6.062570067885558,1,4,0,1,4,0,10,0
4,-6.199464064089503,0,-7.158574793146586,3,11,0,1,-1,0,0.9207918647549467,0
1,-7.916260494844103,0,-3.4125694778058655,3,4,0,1,-16,0,3.8501476017100584,0
4,-3.4125694778058655,0,-6.149818833600338,1,2,0,1,-9,0,3.8501476017100584,0
1,-6.149818833600338,0,-5.181892985424519,1,18,0,1,-3,1,10,0
1,-6.149818833600338,0,-3.4125694778058655,4,18,0,3,-7,0,3.8501476017100584,0
1,-6.149818833600338,0,-3.4125694778058655,4,37,0,9,-1,0,1.766441661243765,0
4,-10.624310695946313,0,-7.127803134479833,3,4,0,1,-3,0,10,66
4,-8.609407675404048,0,-5.879378567583063,3,1,0,1,-3,1,3.6109179126442243,66
4,-8.64330922707973,0,-7.158574793146586,4,5,0,6,-3,1,0.5978370007556204,66
4,-8.609407675404048,0,-3.4125694778058655,4,4,0,17,-3,1,0.5596157879354228,66
4,-8.832551226718259,0,-3.4125694778058655,4,10,0,9,-1,0,0.9808292530117262,65
3,-12.010605057066204,0,-8.272935438782836,4,9,0,0,-4,0,10,15
4,-8.272935438782836,0,-12.010605057066204,4,14,0,0,-4,0,10,15
4,-3.4125694778058655,0,-9.612709784267834,4,8,0,5,-3,1,3.8501476017100584,20
4,-8.609407675404048,0,-3.4125694778058655,4,11,0,5,-3,1,0.5596157879354228,20
4,-3.4125694778058655,0,-3.4125694778058655,3,14,0,1,-9,0,3.8501476017100584,20
4,-10.911992768398093,0,-5.181892985424519,4,24,0,5,-1,0,0.40546510810816444,20
4,-6.999969762969948,0,-5.879378567583063,3,23,0,1,-3,1,5.7745515455444085,103
4,-6.999969762969948,0,-7.3954845402249445,4,2,0,2,-3,1,2.17742195004004,103
4,-7.3954845402249445,0,-3.4125694778058655,3,6,0,1,-3,1,2.1400661634962708,103
4,-9.708019964072157,0,-8.249404941372642,4,1,0,1,-3,1,1.2039728043259361,103
4,-6.08101591367631,0,-8.64330922707973,4,2,0,2,-3,1,5.236441962829949,103
4,-8.39968714442198,0,-8.249404941372642,3,19,0,1,-3,1,3.6109179126442243,103
4,-6.999969762969948,0,-8.249404941372642,4,2,0,4,-1,0,2.17742195004004,173
4,-8.249404941372642,0,-4.6980515589636065,3,7,0,1,-3,0,3.2188758248682006,173
4,-8.249404941372642,0,-3.4125694778058655,3,7,0,1,-9,0,3.8501476017100584,173
4,-6.08101591367631,0,-8.226415423147943,4,14,0,2,-3,1,5.236441962829949,25
4,-7.366214157924831,1,-4.6980515589636065,3,13,0,5,-3,1,5.7745515455444085,170
3,-6.649312891356779,0,-5.181892985424519,3,19,0,1,-1,0,1.0045833390198333,170
3,-6.649312891356779,0,-7.425637578395632,4,19,0,0,-6,0,1.0045833390198333,170
4,-7.425637578395632,0,-4.6980515589636065,4,26,0,0,-1,0,10,170
4,-4.6980515589636065,1,-5.181892985424519,3,28,0,1,-1,0,10,170
4,-9.612709784267834,0,-5.181892985424519,4,8,0,2,-3,1,10,170
4,-9.014872783512212,0,-11.317457876506259,4,5,0,2,-3,1,2.3025850929940455,170
4,-8.544869154266477,0,-3.4125694778058655,3,26,0,2,-4,0,3.8501476017100584,170
3,-3.4125694778058655,0,-5.879378567583063,3,20,0,1,-3,1,10,170
2,-6.149818833600338,0,-5.181892985424519,3,3,0,1,-3,1,10,170
4,-6.149818833600338,0,-5.181892985424519,3,4,0,1,-3,1,10,170
4,-3.4125694778058655,0,-3.4125694778058655,3,4,0,1,-3,1,3.8501476017100584,137
4,-3.4125694778058655,0,-3.4125694778058655,3,4,0,1,-8,1,10,137
4,-6.542544915931073,0,-3.4125694778058655,4,9,0,2,-3,1,10,137
4,-6.08101591367631,0,-3.4125694778058655,3,32,0,1,-3,1,10,137
4,-7.158574793146586,0,-3.4125694778058655,4,1,0,15,-10,0,3.8501476017100584,89
4,-10.06469490801089,0,-5.879378567583063,3,22,0,1,-3,1,10,89
4,-9.120233299170039,0,-5.879378567583063,4,2,0,2,-3,1,10,89
3,-5.879378567583063,0,-4.6980515589636065,3,7,0,1,-1,0,1.3609765531356008,31
4,-6.542544915931073,0,-8.514097495599724,4,11,0,2,-1,0,1.9416996165189697,31
4,-6.649312891356779,0,-7.820950315039778,4,1,0,1,-3,1,1.0045833390198333,31
3,-7.3954845402249445,0,-3.4125694778058655,3,19,0,1,-1,0,3.8501476017100584,26
4,-10.911992768398093,0,-4.6980515589636065,3,0,0,1,-3,1,10,130
4,-10.911992768398093,0,-3.4125694778058655,4,20,0,2,20,0,5.2390980068880655,130
4,-10.911992768398093,0,-8.226415423147943,3,20,0,1,-3,1,0.40546510810816444,130
4,-10.911992768398093,0,-9.931163515386368,4,20,0,0,-10,0,0.40546510810816444,130
4,-9.931163515386368,0,-3.4125694778058655,2,31,0,1,-3,1,3.8501476017100584,130
4,-7.747925180024889,0,-3.4125694778058655,4,14,0,2,-1,0,5.82600010738045,55
4,-7.747925180024889,0,-3.4125694778058655,3,6,0,1,-1,0,3.8501476017100584,55
4,-6.999969762969948,0,-3.4125694778058655,4,29,0,19,-3,1,3.8501476017100584,55
4,-6.149818833600338,0,-4.6980515589636065,4,13,0,5,-1,0,1.766441661243765,55
3,-4.6980515589636065,0,-5.181892985424519,4,30,0,0,3,0,10,55
4,-8.181963660577109,0,-7.127803134479833,3,15,0,1,-3,1,3.3141860046725258,55
4,-7.310124691273788,0,-3.4125694778058655,3,4,0,1,-3,1,10,55
4,-7.950162046519784,0,-8.45525699557679,3,7,0,1,7,0,10,21
4,-7.950162046519784,0,-7.257014865959839,4,7,0,0,-3,0,10,21
4,-7.257014865959839,0,-9.302554855963994,4,11,0,1,-2,0,10,21
4,-9.302554855963994,0,-7.7764985524689445,3,15,0,1,-2,0,10,21
4,-8.139404046158313,0,-7.090624131238079,3,0,0,1,-1,0,1.766441661243765,115
4,-6.08101591367631,0,-7.556257760812696,3,0,0,4,-3,1,5.236441962829949,115
4,-6.08101591367631,0,-7.556257760812696,3,4,0,1,-3,1,5.236441962829949,115
4,-7.292106185771109,0,-8.544869154266477,4,0,0,0,-1,0,3.3141860046725258,115
4,-6.08101591367631,0,-8.040313143514082,4,3,0,0,-9,0,5.236441962829949,115
4,-8.832551226718259,0,-7.8834706720211125,4,19,0,7,-3,1,0.9808292530117262,158
4,-7.967553789231654,0,-5.879378567583063,2,24,0,1,-5,1,10,158
4,-7.628578422392322,0,-7.127803134479833,4,15,0,3,-5,1,3.367295829986474,158
4,-8.752508519044722,0,-11.317457876506259,4,41,0,0,-1,0,10,158
4,-8.373018897339819,0,-6.404802990770206,4,3,0,0,-1,0,2.3025850929940455,82
4,-6.404802990770206,0,-8.297032990361895,4,5,0,0,-9,0,10,82
4,-9.931163515386368,0,-7.158574793146586,4,23,0,2,-4,1,0.9808292530117262,82
4,-7.747925180024889,0,-5.879378567583063,3,19,0,1,-2,0,10,82
4,-6.1757943200035985,0,-3.4125694778058655,4,5,0,1,5,0,5.7745515455444085,82
4,-7.628578422392322,0,-3.4125694778058655,4,10,0,3,-6,0,3.8501476017100584,82
4,-8.832551226718259,0,-3.4125694778058655,4,3,0,1,-3,1,10,94
4,-8.832551226718259,0,-3.4125694778058655,4,2,0,4,-1,0,0.9808292530117262,154
4,-8.609407675404048,0,-9.302554855963994,4,0,0,6,-3,1,0.5596157879354228,13
4,-8.514097495599724,0,-5.860002288619924,3,8,0,1,-1,0,1.8870696490323797,13
4,-8.832551226718259,0,-3.4125694778058655,3,9,0,1,-3,1,10,13
4,-9.177391713009987,0,-9.813380479729984,4,11,0,4,-1,0,1.9459101490553135,13
4,-8.514097495599724,0,-8.752508519044722,3,15,0,1,-3,1,1.8870696490323797,13
4,-8.484244532450042,0,-8.484244532450042,4,26,0,5,-3,1,3.044522437723423,104
3,-9.525698407278204,0,-3.4125694778058655,3,3,0,1,-1,0,10,104
4,-7.556257760812696,0,-9.371547727450945,3,29,0,1,-1,0,10,104
4,-7.068962634456899,0,-6.404802990770206,4,24,0,4,-1,0,4.248495242049359,104
1,-8.139404046158313,0,-6.062570067885558,1,4,0,1,-1,0,1.3862943611198906,30
1,-8.139404046158313,0,-3.4125694778058655,2,4,0,1,-9,0,3.8501476017100584,30
4,-6.649312891356779,0,-5.181892985424519,4,2,0,2,-1,0,10,30
1,-7.328473829941984,0,-7.328473829941984,4,10,0,0,3,0,1.54663701119507,30
1,-6.649312891356779,0,-7.328473829941984,3,2,0,1,-1,0,1.0045833390198333,30
1,-8.832551226718259,0,-7.950162046519784,3,1,0,1,-1,0,1.766441661243765,30
3,-5.181892985424519,0,-3.4125694778058655,3,3,0,1,-6,0,3.8501476017100584,30
3,-5.181892985424519,0,-6.415893677464364,4,3,0,1,-25,0,1.0986122886681098,30
4,-10.911992768398093,0,-6.062570067885558,4,35,0,0,-1,0,1.0986122886681098,30
4,-6.649312891356779,0,-3.4125694778058655,4,7,0,2,-1,0,10,30
1,-9.371547727450945,0,-3.4125694778058655,4,1,0,5,-1,0,5.2390980068880655,30
2,-7.3954845402249445,0,-3.4125694778058655,3,1,0,1,-1,0,1.0045833390198333,30
4,-6.649312891356779,0,-6.986724536219928,2,3,0,1,-1,0,1.0045833390198333,30
1,-3.4125694778058655,0,-7.8834706720211125,3,7,0,1,-3,1,3.8501476017100584,83
3,-6.199464064089503,0,-8.249404941372642,1,1,0,1,-1,0,0.9207918647549467,83
1,-8.249404941372642,0,-8.249404941372642,1,4,0,1,-4,0,3.2188758248682006,83
1,-8.249404941372642,0,-3.4125694778058655,1,13,0,1,-2,0,3.8501476017100584,83
3,-6.199464064089503,0,-6.1757943200035985,1,2,0,1,-1,0,0.9207918647549467,83
4,-9.238016334826423,0,-3.4125694778058655,3,7,0,1,-10,1,3.8501476017100584,83
4,-4.6980515589636065,0,-6.149818833600338,3,25,0,1,3,0,10,83
1,-6.199464064089503,0,-3.4125694778058655,4,33,0,2,-1,0,0.9207918647549467,83
4,-3.4125694778058655,0,-6.149818833600338,3,37,0,1,-3,0,3.8501476017100584,83
1,-6.199464064089503,0,-5.879378567583063,1,1,0,1,-1,0,10,83
1,-8.203942567295885,0,-6.062570067885558,2,1,0,1,-1,0,2.1972245773362196,83
1,-6.649312891356779,0,-6.649312891356779,1,5,0,1,5,0,1.0045833390198333,83
1,-6.649312891356779,0,-7.068962634456899,3,5,0,1,-1,0,1.0045833390198333,83
4,-9.120233299170039,0,-9.931163515386368,4,4,0,0,-3,0,0.6359887667199967,34
4,-6.199464064089503,0,-8.39968714442198,4,10,0,1,10,0,0.9207918647549467,34
4,-10.624310695946313,0,-5.181892985424519,3,12,0,1,12,0,10,34
3,-6.199464064089503,0,-6.742746898002876,3,7,0,1,7,0,0.9207918647549467,34
3,-12.010605057066204,0,-5.181892985424519,3,11,0,1,11,0,10,80
4,-8.226415423147943,0,-9.525698407278204,3,6,0,2,-3,1,10,80
4,-6.199464064089503,0,-3.4125694778058655,3,23,0,1,-1,0,3.8501476017100584,80
4,-6.1757943200035985,0,-9.931163515386368,4,2,0,1,-2,0,5.7745515455444085,80
4,-9.931163515386368,0,-7.190323491461167,3,6,0,1,-4,1,10,80
2,-6.649312891356779,0,-6.415893677464364,2,13,0,1,-1,0,5.308267697401205,80
3,-6.1757943200035985,0,-6.199464064089503,3,1,0,1,-4,0,5.7745515455444085,80
3,-6.199464064089503,0,-6.415893677464364,3,7,0,1,-1,0,10,80
1,-6.149818833600338,0,-6.742746898002876,1,7,0,1,-1,0,1.766441661243765,136
1,-8.181963660577109,0,-3.4125694778058655,4,4,0,5,-1,0,0.9382696385929302,136
1,-7.967553789231654,0,-4.6980515589636065,4,1,0,3,-1,0,2.4336133554004498,136
4,-8.609407675404048,0,-10.06469490801089,3,6,0,1,-1,0,0.5596157879354228,99
3,-8.297032990361895,0,-8.347043410936557,4,2,0,0,-2,0,10,99
4,-6.149818833600338,0,-3.4125694778058655,1,8,0,1,-3,1,3.8501476017100584,99
4,-6.149818833600338,0,-6.149818833600338,4,8,0,0,-5,0,1.766441661243765,99
4,-6.149818833600338,0,-7.967553789231654,1,14,0,1,-3,1,1.766441661243765,99
1,-7.967553789231654,0,-4.6980515589636065,4,17,0,0,-4,0,2.4336133554004498,99
4,-6.149818833600338,0,-6.149818833600338,4,14,0,0,-11,0,1.766441661243765,99
4,-6.149818833600338,0,-8.139404046158313,1,27,0,1,-3,1,1.766441661243765,99
4,-6.199464064089503,0,-6.742746898002876,3,21,0,1,21,0,0.9207918647549467,59
4,-8.040313143514082,0,-3.4125694778058655,4,3,0,16,-2,0,2.871679624884012,59
4,-3.4125694778058655,0,-8.040313143514082,4,7,0,3,-17,0,3.8501476017100584,59
4,-6.199464064089503,0,-7.425637578395632,4,9,0,4,-2,0,0.9207918647549467,59
4,-10.218845587838148,0,-5.181892985424519,4,13,0,1,-3,1,10,59
4,-6.199464064089503,0,-8.45525699557679,3,5,0,1,-1,0,0.9207918647549467,46
4,-6.199464064089503,0,-3.4125694778058655,1,30,0,1,30,0,1.54663701119507,46
1,-3.4125694778058655,0,-3.4125694778058655,2,2,0,1,-7,1,10,46
4,-10.911992768398093,0,-3.4125694778058655,2,11,0,1,-4,1,3.8501476017100584,46
4,-7.328473829941984,0,-5.879378567583063,4,5,0,2,-3,0,4.976733742420574,46
3,-6.199464064089503,0,-6.404802990770206,3,9,0,1,9,0,0.9207918647549467,46
3,-6.199464064089503,0,-9.445655699604668,4,9,0,0,-1,0,0.9207918647549467,46
4,-6.199464064089503,0,-9.066166077899764,4,9,0,4,-1,0,0.9207918647549467,46
4,-6.199464064089503,0,-4.6980515589636065,4,1,0,5,-3,1,10,46
4,-6.199464064089503,0,-3.4125694778058655,4,28,0,2,28,0,10,46
4,-9.931163515386368,0,-4.6980515589636065,4,22,0,23,-4,1,5.308267697401205,171
4,-9.931163515386368,0,-7.158574793146586,3,22,0,2,-32,1,5.308267697401205,171
4,-9.445655699604668,0,-5.879378567583063,4,4,0,11,-3,1,10,171
4,-3.4125694778058655,0,-3.4125694778058655,4,5,0,1,-3,1,3.8501476017100584,27
4,-8.514097495599724,0,-5.879378567583063,3,9,0,23,-3,1,10,27
3,-9.445655699604668,0,-4.6980515589636065,3,1,0,1,-3,1,1.466337068793427,27
3,-4.6980515589636065,0,-3.4125694778058655,4,13,0,2,-6,0,10,27
3,-6.149818833600338,0,-6.7324903978356865,4,1,0,3,-1,0,1.766441661243765,27
4,-10.06469490801089,0,-3.4125694778058655,4,9,0,2,-3,1,10,92
4,-10.218845587838148,0,-6.415893677464364,4,6,0,2,-3,1,10,128
4,-8.181963660577109,0,-8.272935438782836,4,4,0,3,-1,0,0.9382696385929302,128
4,-8.752508519044722,0,-6.415893677464364,4,1,0,9,-1,0,4.382026634673881,128
1,-8.249404941372642,0,-4.6980515589636065,4,1,0,2,-3,1,3.2188758248682006,151
1,-8.249404941372642,0,-7.5446969384116205,2,1,0,1,-13,0,3.2188758248682006,151
1,-6.149818833600338,0,-5.181892985424519,4,1,0,1,-1,0,10,151
1,-6.149818833600338,0,-5.879378567583063,1,1,0,1,-8,0,10,151
4,-3.4125694778058655,0,-3.4125694778058655,3,22,0,1,-7,0,3.8501476017100584,151
4,-6.1757943200035985,0,-3.4125694778058655,4,8,0,0,-7,0,3.8501476017100584,151
3,-6.08101591367631,0,-3.4125694778058655,3,1,0,1,-23,0,10,151
1,-3.4125694778058655,0,-9.708019964072157,1,2,0,1,-3,1,3.8501476017100584,151
3,-6.986724536219928,0,-7.366214157924831,1,17,0,1,-3,0,4.976733742420574,151
1,-7.366214157924831,0,-3.4125694778058655,1,23,0,1,-6,0,3.8501476017100584,151
1,-6.649312891356779,0,-6.415893677464364,1,1,0,1,-1,0,2.1400661634962708,150
4,-6.149818833600338,0,-4.6980515589636065,1,2,0,1,-1,0,1.766441661243765,150
4,-6.149818833600338,0,-8.249404941372642,1,2,0,1,-6,0,1.766441661243765,150
1,-8.249404941372642,0,-3.4125694778058655,4,10,0,3,-5,0,10,150
3,-6.199464064089503,0,-8.098582051638058,3,1,0,1,-1,0,0.9207918647549467,150
3,-8.098582051638058,0,-8.249404941372642,4,3,0,0,-3,0,2.70805020110221,150
3,-4.6980515589636065,0,-6.199464064089503,3,3,0,1,-8,0,10,150
3,-6.199464064089503,0,-5.181892985424519,3,14,0,1,-1,0,10,150
1,-7.510795386735939,0,-6.199464064089503,3,2,0,1,-6,0,10,150
3,-6.199464064089503,0,-3.4125694778058655,4,11,0,7,-1,0,0.9207918647549467,150
1,-3.4125694778058655,0,-5.181892985424519,3,1,0,1,-3,1,10,150
4,-8.832551226718259,0,-4.6980515589636065,3,33,0,1,-3,1,0.9808292530117262,91
4,-3.4125694778058655,0,-6.404802990770206,4,0,0,5,-3,1,3.8501476017100584,91
4,-8.609407675404048,0,-5.181892985424519,3,1,0,1,-3,1,3.349904087274605,71
4,-8.609407675404048,0,-6.542544915931073,4,1,0,0,-20,0,0.5596157879354228,71
4,-8.576617852581057,0,-8.226415423147943,2,13,0,1,-3,1,0.9490805546971459,71
4,-10.218845587838148,0,-7.158574793146586,4,25,0,11,-3,1,0.6931471805599453,58
3,-7.366214157924831,0,-7.158574793146586,4,15,0,1,-1,0,3.2188758248682006,58
4,-6.08101591367631,0,-8.347043410936557,4,31,0,10,-3,1,5.236441962829949,58
4,-7.5679538005758875,0,-4.6980515589636065,3,2,0,1,-1,0,2.496741107435003,14
3,-4.6980515589636065,0,-3.4125694778058655,4,6,0,2,-24,0,3.8501476017100584,14
4,-6.649312891356779,0,-8.544869154266477,1,4,0,1,-1,0,1.0045833390198333,40
3,-6.649312891356779,0,-8.544869154266477,1,1,0,1,-1,0,1.0045833390198333,40
1,-6.149818833600338,0,-10.624310695946313,1,28,0,1,-1,0,1.766441661243765,40
4,-6.742746898002876,0,-3.4125694778058655,1,3,0,1,-6,0,10,40
1,-3.4125694778058655,0,-7.5446969384116205,4,12,0,0,-2,0,3.8501476017100584,40
3,-6.062570067885558,0,-3.4125694778058655,1,3,0,1,-2,0,5.2390980068880655,40
1,-3.4125694778058655,0,-5.879378567583063,1,8,0,1,-2,0,3.791736839553644,40
3,-6.062570067885558,0,-8.544869154266477,4,2,0,0,-1,0,5.2390980068880655,40
1,-6.649312891356779,0,-5.181892985424519,4,1,0,1,-1,0,10,40
2,-6.149818833600338,0,-5.181892985424519,1,1,0,1,-2,0,1.766441661243765,40
4,-7.328473829941984,0,-3.4125694778058655,4,9,0,1,-2,0,10,40
4,-7.328473829941984,0,-3.4125694778058655,3,16,0,1,-4,1,5.2390980068880655,40
1,-6.649312891356779,0,-6.415893677464364,1,1,0,1,-1,0,10,40
1,-6.149818833600338,0,-3.4125694778058655,3,1,0,1,-1,0,1.766441661243765,40
3,-6.199464064089503,0,-9.238016334826423,3,1,0,1,-1,0,0.9207918647549467,40
3,-9.238016334826423,0,-3.4125694778058655,2,5,0,1,-1,0,3.8501476017100584,40
2,-6.149818833600338,0,-6.649312891356779,1,1,0,1,-4,0,1.766441661243765,148
1,-6.649312891356779,0,-5.181892985424519,2,7,0,1,-3,1,1.0045833390198333,148
1,-6.649312891356779,0,-6.404802990770206,2,7,0,1,-1,0,1.0045833390198333,148
1,-6.649312891356779,0,-5.879378567583063,1,1,0,1,-1,0,10,148
2,-3.4125694778058655,0,-7.328473829941984,3,23,0,1,-7,1,3.8501476017100584,164
2,-7.328473829941984,0,-3.4125694778058655,4,30,0,8,-2,0,3.8501476017100584,164
2,-3.4125694778058655,0,-4.6980515589636065,4,47,0,5,-3,1,3.8501476017100584,164
1,-6.149818833600338,0,-12.010605057066204,2,20,0,1,-1,0,1.766441661243765,164
1,-8.752508519044722,0,-6.415893677464364,4,1,0,2,-1,0,10,164
1,-8.752508519044722,0,-6.415893677464364,3,1,0,1,-1,0,3.891820298110627,164
1,-8.347043410936557,0,-3.4125694778058655,1,5,0,1,-7,0,3.8501476017100584,164
1,-3.4125694778058655,0,-6.415893677464364,3,14,0,1,-3,1,10,164
3,-9.708019964072157,0,-8.347043410936557,3,1,0,1,-12,0,10,120
1,-6.649312891356779,0,-7.3954845402249445,4,3,0,2,-1,0,1.0045833390198333,120
1,-6.649312891356779,0,-3.4125694778058655,4,3,0,4,-27,0,3.8501476017100584,120
4,-8.203942567295885,1,-7.5679538005758875,4,3,0,2,-3,1,2.1972245773362196,120
4,-7.5679538005758875,0,-8.297032990361895,4,7,0,0,-18,0,2.496741107435003,120
4,-6.199464064089503,0,-3.4125694778058655,3,6,0,1,6,0,0.9207918647549467,120
1,-6.542544915931073,0,-3.4125694778058655,4,4,0,4,-3,1,10,120
1,-6.542544915931073,0,-4.6980515589636065,4,4,0,2,-10,0,1.9416996165189697,120
4,-10.401167144632103,0,-9.302554855963994,4,12,0,0,-1,0,1.6094379124341003,120
4,-9.302554855963994,0,-3.4125694778058655,3,15,0,1,-3,1,3.8501476017100584,120
1,-6.649312891356779,0,-8.966082619342782,1,1,0,1,-1,0,1.0045833390198333,120
1,-8.347043410936557,0,-12.010605057066204,3,1,0,1,-3,1,1.3609765531356008,85
4,-6.199464064089503,0,-6.415893677464364,3,14,0,1,-2,0,5.7745515455444085,165
3,-5.860002288619924,0,-3.4125694778058655,1,8,0,1,-3,0,10,165
1,-3.4125694778058655,0,-7.5446969384116205,4,14,0,0,-2,0,3.8501476017100584,165
4,-3.4125694778058655,0,-8.347043410936557,4,7,0,2,-5,1,3.8501476017100584,166
4,-8.347043410936557,0,-7.616155902393765,4,13,0,2,-3,0,3.367295829986474,166
4,-7.616155902393765,0,-8.544869154266477,4,18,0,1,-5,0,10,166
4,-8.544869154266477,0,-3.4125694778058655,4,40,0,7,-16,0,10,166
4,-7.328473829941984,0,-7.733938938050149,4,3,0,3,-6,1,1.54663701119507,166
4,-7.733938938050149,0,-3.4125694778058655,2,21,0,1,-8,0,0.6931471805599453,166
4,-10.218845587838148,0,-6.149818833600338,4,32,0,3,-6,1,0.6931471805599453,166
4,-6.149818833600338,0,-8.791729232198003,4,40,0,0,-2,0,1.766441661243765,166
4,-8.678400546891,0,-6.3304324480491365,3,2,0,1,-1,0,3.332204510175204,166
4,-8.678400546891,0,-9.014872783512212,3,2,0,1,-9,0,3.332204510175204,166
3,-9.014872783512212,0,-12.010605057066204,3,15,0,1,-6,0,10,166
4,-6.702337359664999,0,-3.4125694778058655,4,18,0,1,-3,0,3.8501476017100584,166
4,-6.199464064089503,0,-7.090624131238079,3,12,0,1,-4,1,10,166
4,-9.302554855963994,0,-3.4125694778058655,4,12,0,1,-1,0,5.7745515455444085,110
4,-6.199464064089503,0,-9.931163515386368,4,2,0,2,-1,0,0.9207918647549467,110
4,-6.199464064089503,0,-7.190323491461167,4,2,0,1,-1,0,10,110
3,-6.199464064089503,0,-10.401167144632103,1,45,0,1,45,0,0.9207918647549467,110
1,-10.401167144632103,0,-5.879378567583063,3,2,0,1,-1,0,5.82600010738045,110
1,-10.401167144632103,0,-4.6980515589636065,3,2,0,1,-10,0,3.3141860046725258,110
4,-10.624310695946313,0,-7.090624131238079,4,26,0,2,-12,1,10,110
4,-6.199464064089503,0,-8.226415423147943,4,2,0,5,-1,0,0.9207918647549467,110
4,-8.040313143514082,0,-6.3304324480491365,4,2,0,5,-3,1,0.6190392084062235,110
4,-6.199464064089503,0,-3.4125694778058655,4,2,0,1,-1,0,2.871679624884012,110
3,-6.199464064089503,0,-3.4125694778058655,4,1,0,1,-1,0,10,110
4,-6.199464064089503,0,-5.181892985424519,3,70,0,1,70,0,5.7745515455444085,110
4,-9.708019964072157,0,-7.090624131238079,4,7,0,2,-3,1,10,110
4,-6.199464064089503,0,-3.4125694778058655,3,2,0,1,-1,0,10,110
3,-6.199464064089503,0,-10.218845587838148,3,30,0,1,30,0,0.9207918647549467,110
4,-6.199464064089503,0,-3.4125694778058655,3,9,0,1,-1,0,4.976733742420574,110
4,-6.199464064089503,0,-4.6980515589636065,3,57,0,1,57,0,5.7745515455444085,110
3,-6.149818833600338,0,-8.714768191061875,4,25,0,0,-9,0,1.766441661243765,110
4,-6.08101591367631,1,-5.181892985424519,4,12,0,2,-31,1,5.7745515455444085,110
1,-10.624310695946313,0,-5.879378567583063,1,6,0,1,-3,1,5.82600010738045,97
3,-7.061845166688036,0,-7.061845166688036,4,18,0,2,10,0,3.791736839553644,97
4,-9.445655699604668,0,-7.061845166688036,2,6,0,1,-3,1,1.466337068793427,97
4,-9.445655699604668,0,-5.879378567583063,3,20,0,1,-3,1,10,97
4,-7.5679538005758875,0,-4.6980515589636065,1,28,0,1,-1,0,5.308267697401205,97
3,-6.199464064089503,0,-3.4125694778058655,4,2,0,15,-1,0,3.8501476017100584,97
4,-10.06469490801089,0,-4.6980515589636065,4,12,0,2,-4,1,10,97
1,-6.149818833600338,0,-5.879378567583063,4,4,0,2,-1,0,4.976733742420574,97
4,-3.4125694778058655,0,-5.181892985424519,4,2,0,2,-3,1,3.8501476017100584,97
4,-5.181892985424519,0,-7.556257760812696,4,7,0,0,-3,0,5.82600010738045,97
4,-7.556257760812696,0,-10.401167144632103,4,11,0,0,-3,0,5.82600010738045,97
4,-6.542544915931073,0,-9.445655699604668,4,19,0,2,-3,1,1.9416996165189697,97
4,-6.149818833600338,0,-5.181892985424519,3,9,0,1,-1,0,1.766441661243765,37
4,-6.649312891356779,0,-3.4125694778058655,3,6,0,5,-3,1,10,37
4,-8.181963660577109,0,-4.6980515589636065,4,9,0,1,-3,1,10,37
4,-8.181963660577109,0,-3.4125694778058655,4,9,0,5,-16,1,3.8501476017100584,37
4,-6.649312891356779,0,-7.090624131238079,3,30,0,1,-3,1,3.8501476017100584,57
4,-6.199464064089503,0,-8.514097495599724,4,5,0,2,-1,0,0.9207918647549467,57
4,-8.181963660577109,0,-8.427086118610093,4,16,0,1,-3,1,0.9382696385929302,57
4,-8.514097495599724,0,-3.4125694778058655,4,8,0,11,-3,1,3.8501476017100584,57
4,-9.120233299170039,0,-7.899731192892893,4,8,0,3,-3,1,5.236441962829949,98
4,-9.120233299170039,0,-7.190323491461167,4,8,0,28,-15,1,5.236441962829949,98
3,-7.3954845402249445,0,-9.525698407278204,4,14,0,8,-3,1,1.7707060600302227,98
1,-6.649312891356779,0,-6.415893677464364,1,1,0,1,-3,1,5.236441962829949,124
1,-6.649312891356779,0,-3.4125694778058655,4,1,0,2,-21,0,3.8501476017100584,124
1,-9.708019964072157,1,-5.181892985424519,3,6,0,1,2,0,1.2039728043259361,124
4,-9.371547727450945,0,-9.371547727450945,1,11,0,1,-2,0,0.6190392084062235,124
1,-6.649312891356779,0,-3.4125694778058655,3,35,0,1,2,0,3.8501476017100584,124
2,-6.149818833600338,0,-3.4125694778058655,1,17,0,1,-1,0,5.308267697401205,124
4,-9.177391713009987,0,-5.879378567583063,4,5,0,2,-5,0,5.2390980068880655,28
4,-8.752508519044722,0,-5.181892985424519,4,8,0,2,-1,0,10,28
4,-8.752508519044722,0,-6.742746898002876,1,8,0,1,-16,0,0.5753641449035618,28
4,-7.310124691273788,0,-3.4125694778058655,4,30,0,2,-6,0,2.1400661634962708,28
4,-6.199464064089503,0,-12.010605057066204,4,2,0,6,-3,1,0.9207918647549467,90
3,-4.6980515589636065,0,-7.3954845402249445,3,8,0,1,-8,0,10,36
3,-7.3954845402249445,0,-4.6980515589636065,2,18,0,1,-1,0,1.7707060600302227,36
4,-6.1757943200035985,0,-8.752508519044722,3,7,0,1,-8,1,10,116
3,-8.752508519044722,0,-4.6980515589636065,3,15,0,1,-1,0,10,116
