	var	amp	idoc	iphrase	biggestStep	avgStep
" GUM_academic_exposure-3
_1"	0.002289185826292235	-0.00030507892370224	0.008923739194869995	0.01383250697681393	0.0341816321015358	0.010058031184598804
" GUM_academic_exposure-12
_1"	-0.0005775002786860134	8.920952677726746e-05	-0.04953444004058838	-0.050453114522887144	-0.0016298480331897736	0.0024911271095150733
" GUM_academic_exposure-20
_1"	0.00608133668320604	0.00013248436152935028	0.002589285373687744	0.013269154341645328	0.014826221391558647	0.01872704775841344
" GUM_academic_librarians-8
_1"	-0.0031795337337419197	0.004349716007709503	0.0010441094636917114	0.00310135809316614	-0.02265838533639908	-0.006801824941391893
" GUM_academic_librarians-19
_1"	0.005189532168300322	0.018740214407444	0.006601735949516296	0.0021328086476950503	0.014598339796066284	0.0011256465002110194
" GUM_academic_librarians-21
_1"	-0.0008781272002428425	0.00026766397058963776	0.009731322526931763	-0.004046875357843316	0.019569972530007362	-0.002758377260554924
" GUM_bio_byron-9
_1"	0.003088714020058461	0.0010205656290054321	-0.05792880058288574	0.03262339920974244	-0.01088838279247284	0.00205965840694855
" GUM_conversation_grounded-10
_1"	0.0016660985877981066	-0.0011900067329406738	-0.020949825644493103	-0.02955988540568133	-0.06241461634635925	0.008432533456520605
" GUM_conversation_grounded-16
_1"	0.007057834531222454	0.0005326829850673676	0.008036434650421143	0.01680078812959518	0.01170092448592186	0.012123074610200194
" GUM_conversation_grounded-18
_1"	0.0014939955733906315	-0.0004643276333808899	-0.027654588222503662	-0.031123352164609597	0.05483614653348923	0.00907434367989543
" GUM_conversation_grounded-25
_1"	0.003083831961793196	-0.005610816180706024	-0.004575014114379883	-0.046451872451738874	-0.016000084578990936	-0.07288810337583224
" GUM_conversation_grounded-76
_1"	0.0022808107160932276	-0.0007126126438379288	0.003990471363067627	0.011587088447371996	2.0584091544151306e-05	0.011759905064335247
" GUM_conversation_grounded-107
_1"	0.01286333938163943	-0.0006627850234508514	0.019017904996871948	-0.016489900825988668	0.038479048758745193	-0.09418827034533023
" GUM_conversation_grounded-134
_1"	0.007021343380634121	0.0011545363813638687	0.15108617395162582	0.13803078031078686	-0.24546916782855988	-0.03282167549644198
" GUM_conversation_risk-109
_1"	0.0017807455396453564	0.002056097611784935	-0.02752751111984253	-0.0052747780922800525	-0.052968705072999	0.0016680462690799105
" GUM_fiction_beast-3
_3"	0.0005498912169581288	0.0005576126277446747	0.00014668703079223633	8.988174823965078e-05	0.0007909536361694336	0.002500997662410992
" GUM_fiction_beast-5
_1"	0.005053626630137087	-0.0007979031652212143	0.02392861247062683	0.030299551307390926	0.06811631470918655	0.012477929554879669
" GUM_fiction_beast-57
_1"	0.0023713616898987516	-0.0005336105823516846	0.0015497803688049316	-0.0021521870697900347	0.0036209821701049805	0.004340818595633983
" GUM_fiction_lunre-9
_1"	0.0022913386438361757	0.0009023528546094894	0.1374901682138443	0.1487814942055622	-0.09367033839225769	-0.046699063491917436
" GUM_fiction_lunre-9
_2"	0.0038952478270642132	-0.00024250708520412445	0.011174015700817108	0.006772458172147888	0.03662310540676117	0.0028920594843164504
" GUM_fiction_lunre-13
_1"	-0.0007184435386536209	3.774464130401611e-05	-0.05046168714761734	-0.051655231907408505	0.0123710036277771	0.0038947918113239888
" GUM_fiction_lunre-15
_1"	-0.0020096505394166797	0.0008143726736307144	-0.007164061069488525	-0.008649424373807446	-0.013607984408736229	-0.005089862699774239
" GUM_fiction_lunre-20
_1"	0.0008243634860152435	0.0013689864426851273	0.06400787830352783	0.009110951157552893	0.13225589878857136	0.0003443400187952417
" GUM_fiction_lunre-24
_1"	-0.00015369228155905773	-0.002435509115457535	0.0012995004653930664	-0.0021858966963393955	0.00021499022841453552	-0.018297413749564673
" GUM_fiction_lunre-24
_2"	0.000335275563040055	-0.00035348720848560333	0.0014441311359405518	0.004527230829995843	0.002230195328593254	-0.00267937097428194
" GUM_fiction_lunre-26
_1"	-0.013151357685809897	0.0002347119152545929	-0.061551529784775294	-0.20766775662961756	0.12737972289323807	0.0044402143997109705
" GUM_interview_cyclone-41
_1"	-0.005574070605795178	0.002470100298523903	0.08251917362213135	0.07012259182931091	-0.217904569581151	-0.0047888169530779096
" GUM_news_homeopathic-13
_1"	0.004187051466635193	-0.0010258294641971588	-0.0025237277150154114	-0.010862915659952344	-0.0018531233072280884	0.016733673810080854
" GUM_news_homeopathic-13
_2"	0.0014203916920355955	-0.0003537070006132126	-0.012848783284425735	-0.012590893088876287	-0.022199608385562897	0.0003996062973633391
" GUM_news_homeopathic-15
_1"	-0.006899929035324076	-0.0044151004403829575	0.1772310845553875	0.16033829197330374	-0.015334352850914001	-0.0320277708201793
" GUM_news_homeopathic-20
_1"	0.0034309879665014448	0.0010614749044179916	-0.008115187287330627	-0.014602149095402028	-0.01647964119911194	0.014451437954639268
" GUM_news_iodine-6
_1"	-0.0005773549928313887	0.0010677464306354523	-0.07084065675735474	-0.06824462426869526	0.03407604992389679	0.0028646086681295424
" GUM_news_iodine-11
_1"	-0.0008769897629512247	-0.00019685737788677216	0.011960774660110474	0.019225014504371973	0.017354385927319527	0.01293813272263683
" GUM_news_iodine-14
_1"	0.00034979833627962753	0.0047664642333984375	0.0017411783337593079	0.0006156946707464028	-0.01340872049331665	0.0013981096112237468
" GUM_news_iodine-17
_3"	-0.0002937827237192714	-8.762907236814499e-05	0.00034925341606140137	-0.0023493046840959986	0.0006135003641247749	-0.008606637256632604
" GUM_news_iodine-18
_1"	-0.003806411096469134	-0.0006059557199478149	-0.0462946742773056	-0.04617479092393739	-0.09400436282157898	-0.002446936014863732
" GUM_news_iodine-21
_1"	0.002202366230999217	-0.0007907021790742874	0.020086288452148438	0.017142397476545557	-0.0190536230802536	-0.0031150509603321552
" GUM_news_iodine-28
_1"	-0.0009011373181746912	0.0016811192035675049	0.08543568849563599	0.06196846480192675	0.08597669191658497	0.021582081140889442
" GUM_news_iodine-39
_2"	0.0025950335194586185	0.005558274686336517	-0.00032711029052734375	0.006751511269064259	0.005156122148036957	0.012902645073750954
" GUM_news_iodine-41
_2"	0.007369615425065132	0.00628305971622467	0.01865755021572113	0.00969509315730721	0.06070515885949135	0.013097725839110175
" GUM_speech_impeachment-1
_1"	0.006968643603485203	-0.001633528620004654	-0.012359589338302612	-0.010324131335703535	0.01514739915728569	-0.011656912457855328
" GUM_speech_impeachment-7
_1"	0.0010558353095780557	-0.0029051173478364944	0.0007224977016448975	-0.0014703147631743851	-0.0017351377755403519	-0.008184222622759751
" GUM_speech_impeachment-11
_1"	0.0034210483383655815	0.00034533627331256866	0.0024784207344055176	-0.006200325725379763	0.0258343368768692	0.010059452915414296
" GUM_speech_impeachment-13
_1"	-0.00514519505378358	-0.001807723194360733	-0.1461987942457199	-0.1380935465421509	0.01347525417804718	-0.007484019413669274
" GUM_speech_impeachment-17
_2"	0.002987774919853678	0.00020602717995643616	0.011980414390563965	0.007320083711917169	-0.007973432540893555	0.00271462771596144
" GUM_speech_impeachment-32
_1"	0.002270822533768771	-0.0007854923605918884	0.012939691543579102	0.02434659554885743	0.007209159433841705	0.017181364530333004
" GUM_speech_impeachment-37
_1"	0.00383943618658137	-0.005490833893418312	-0.002331376075744629	-0.007405409665658502	-0.002469712868332863	0.0061692748937049735
" GUM_speech_impeachment-39
_1"	0.0026311333869745573	0.0005256887525320053	-0.004631265997886658	-0.01668416318439303	-0.009200304746627808	0.023420065849581187
" GUM_speech_impeachment-47
_1"	-0.020639940678835213	-0.005569186061620712	-0.1964346355396276	-0.19054749246467562	-0.19384143501520157	0.0019309318843571538
" GUM_speech_inauguration-5
_1"	0.004172795222129738	-0.0017112810164690018	-0.0017345249652862549	0.004959048054209214	-0.005302103236317635	0.012414864690176067
" GUM_speech_inauguration-6
_1"	0.003737370015657833	0.0022523459047079086	0.0017648935317993164	0.006262025908262525	0.00959581695497036	0.012711317102897857
" GUM_speech_inauguration-18
_1"	0.0032128296837487316	-0.0020605791360139847	0.008558593690395355	0.004919211370060572	0.017105266451835632	0.002649300919455505
" GUM_speech_inauguration-25
_1"	0.00484188153547635	0.0026573147624731064	0.0030126869678497314	-0.0036479500850886692	0.13532087206840515	0.011835208168853556
" GUM_speech_inauguration-35
_1"	0.007821186213475995	-0.0008975043892860413	0.1236126497387886	0.10189068229398224	-0.210746631026268	-0.011563655538245662
" GUM_speech_inauguration-36
_1"	-0.0020732728553230495	-0.0003944355994462967	-0.032814569771289825	-0.03926315130222413	-0.06567420065402985	0.009106109276987046
" GUM_textbook_governments-11
_1"	0.0006214886811777946	6.56619668006897e-05	-0.006481796503067017	0.003878206407858298	-0.01290210336446762	0.0007384875773632227
" GUM_textbook_governments-12
_1"	0.0017643329771944924	-0.0022026896476745605	0.014576882123947144	0.00911312814624532	0.02842003107070923	0.007205848840354877
" GUM_textbook_governments-12
_2"	0.001223528873795815	0.002255309373140335	0.007248684763908386	0.006813356602767939	0.014035433530807495	-0.001583596615124097
" GUM_textbook_governments-12
_3"	-0.0009878619253201396	0.003388170152902603	-0.01920977234840393	-0.014227798696951677	-0.03758960962295532	-0.008957427652443159
" GUM_textbook_labor-3
_1"	0.0013567894315441552	0.0018035992980003357	0.008697211742401123	0.009310011571792343	0.019543074071407318	0.0015770397028007088
" GUM_textbook_labor-20
_1"	0.007880593451434208	0.0004923529922962189	-0.0012349933385849	-0.009963871273505731	-0.0024990737438201904	0.012643923554273823
" GUM_vlog_portland-6
_1"	0.0010818305668999356	0.0007585640996694565	-0.017189711332321167	-0.02359416037439732	-0.06881284713745117	0.00842889169339145
" GUM_vlog_portland-48
_1"	0.0007813043508216044	-0.000692984089255333	-0.01964908093214035	-0.02674944027371351	-0.03922365605831146	0.013250901594169834
" GUM_vlog_portland-51
_1"	-0.0023164284618842866	0.017423655837774277	-0.004166275262832642	-0.019581615856173018	0.008450891822576523	-0.013683741031860819
" GUM_vlog_portland-52
_1"	0.00290289339829165	-0.0035370774567127228	-0.10747897265376993	0.12548507813864773	-0.007376927882432938	-0.002248987340837297
" GUM_voyage_athens-6
_1"	0.001127407072384283	0.0012805964797735214	-0.034083813428878784	-0.02748689280932981	-0.06124068237841129	-0.0021657674184078907
" GUM_whow_joke-49
_1"	0.0021438741934718744	-0.0014498848468065262	0.00034305453300476074	0.0031985015948376994	-0.0014508385211229324	0.0042430323620255145
" GUM_whow_joke-61
_1"	-0.0023184892087981107	-0.010405205190181732	-0.04875485599040985	-0.04953144422421851	-0.11112198233604431	-0.003938313573598862
" GUM_whow_joke-63
_1"	-0.002492833675018097	-0.0004026796668767929	-0.0022083818912506104	-0.00635564065089933	-0.003566136583685875	-0.02093279579797616
" GUM_academic_discrimination-14
_1"	0.002948289253232983	9.640119969844818e-05	0.023471977691077672	-0.045513964966108156	0.12042429111897945	0.007755815649003378
" GUM_academic_discrimination-51
_1"	0.000890081263751695	0.001280616968870163	-0.0003300905227661133	-0.005000396453181621	0.0012794248759746552	-0.010735141490472527
" GUM_conversation_lambada-21
_1"	0.0029354752045559207	2.4218112230300903e-05	0.0005230605602264404	-0.003652499053320879	0.0009865164756774902	0.0035449163722140464
" GUM_conversation_lambada-44
_1"	0.005170713318383896	0.00036665983498096466	-0.030742332339286804	-0.050342533105452114	-0.06155332922935486	0.02223097692642892
" GUM_conversation_lambada-57
_1"	0.0043099940784538104	-0.0006392654031515121	0.0018275007605552673	-0.00608197380451192	0.003657624125480652	0.013852612364736172
" GUM_conversation_lambada-67
_1"	0.017126532657615677	-0.003200611099600792	0.2595412954688072	0.2423427080356585	0.01431264728307724	-0.014382955125932184
" GUM_conversation_lambada-84
_1"	-0.0058697363351218265	-0.0016247518360614777	-0.002056419849395752	-0.011428945771369547	-0.005744386464357376	-0.02334609960494509
" GUM_conversation_lambada-86
_1"	0.01887795662107751	0.001660756766796112	0.0017879903316497803	0.012381276204472491	0.005161158740520477	0.021304781486590707
" GUM_conversation_retirement-19
_1"	0.003762018338456914	0.0001041516661643982	0.002593398094177246	0.011307721707577767	0.00371619313955307	0.012964613545054238
" GUM_conversation_retirement-41
_1"	0.0009538872063296067	0.00281669944524765	-0.013461753726005554	-0.017940860961085936	-0.029436200857162476	0.007620754107790451
" GUM_conversation_retirement-43
_1"	-0.004721186638256686	0.003656260669231415	-0.031185775995254517	-0.01966616090032325	-0.05811000615358353	-0.022623247507918665
" GUM_conversation_retirement-44
_1"	0.0034858015561143596	-0.003990175202488899	0.003600984811782837	0.006574471933501136	0.0031043868511915207	0.0033573198879321836
" GUM_conversation_retirement-46
_1"	0.0018629234521325769	-0.0012661945074796677	-0.03751477599143982	0.03457632762392615	-0.07626993767917156	0.004596353479634621
" GUM_conversation_retirement-50
_1"	0.023163934824968424	0.001310046762228012	-0.10690921185436197	-0.102358078093014	-0.4065976869314909	0.034043441609376
" GUM_conversation_retirement-66
_1"	0.016497279583912283	-0.003183256834745407	0.031199276447296143	-0.013973365105422464	0.06602954864501953	0.03891669129509301
" GUM_conversation_retirement-82
_1"	0.008587846238635538	-0.0011426378041505814	0.047736912965774536	0.038645043604386364	0.09455651044845581	-0.0038673117756843622
" GUM_conversation_retirement-82
_2"	0.0005192283873800274	-0.0018757283687591553	-0.004113942384719849	-0.006592496779436852	-0.009875357151031494	-0.004180646315217029
" GUM_fiction_falling-12
_1"	0.00011990017069665737	-0.0011622309684753418	-0.0029100924730300903	0.0037554683385505605	-0.005095154047012329	-0.018629322509820523
" GUM_fiction_falling-18
_1"	-0.006387949077673885	-0.007130907848477364	-0.022275477647781372	-0.06311775925051832	-0.05176006443798542	-0.1175027962308377
" GUM_fiction_falling-31
_1"	0.008488993586321061	-0.0004040524363517761	-0.0020818784832954407	-0.020065258017204934	0.035436972975730896	0.01400227020071311
" GUM_fiction_teeth-4
_1"	0.0053969352190499364	-0.0014591962099075317	-0.0108075812458992	-0.018442376142205785	-0.021613970398902893	0.006379787677626592
" GUM_fiction_teeth-16
_1"	0.00196158753505965	-3.0567869544029236e-05	0.2092897891998291	0.1707593874739749	-0.07783851027488708	0.0037134871152894877
" GUM_fiction_teeth-27
_1"	0.011888764617124362	0.00019132904708385468	0.008584976196289062	-0.010934755607710067	-0.03247220814228058	-0.003068104014861933
" GUM_fiction_teeth-32
_1"	-0.003986872133452585	0.0016491636633872986	-0.03993454575538635	-0.038362899288665764	0.0015654191374778748	-0.009807428472912771
" GUM_interview_hill-13
_1"	0.005873525748254296	-0.0024464409798383713	0.05531203746795654	0.04635916177756516	0.06729504466056824	0.004247411489486694
" GUM_interview_hill-23
_1"	0.004383132504644095	-9.989924728870392e-05	0.003533661365509033	0.011954229969817876	0.006485817953944206	0.013726051466969341
" GUM_interview_hill-25
_1"	-0.0011002860110306961	-0.007394691929221153	-0.02225935459136963	-0.04735751265866883	-0.04509425163269043	0.02856968845137292
" GUM_interview_hill-31
_1"	0.021989095778038793	-0.00934518501162529	-0.015547987203025304	0.22129262739694433	-0.22670681402087212	0.004583654108277532
" GUM_interview_libertarian-7
_1"	-0.0005810723503446233	-0.0004889629781246185	0.011567950248718262	0.011905016028153304	-0.010210588574409485	-0.002920794929342607
" GUM_interview_libertarian-28
_1"	0.003858138682934255	-0.03223072737455368	-0.00648091733455658	-0.010710017264566662	-0.012991636991500854	0.004679916021398417
" GUM_interview_libertarian-28
_2"	0.002318061512519197	0.00592629611492157	-0.0009471848607063293	-0.005513986408309024	-0.0022759586572647095	0.0038062654940670404
" GUM_interview_libertarian-28
_3"	0.0026233118190278626	-0.0011876672506332397	0.0015005841851234436	-0.003546853212997192	0.0028680115938186646	0.0032822343902851187
" GUM_interview_libertarian-28
_4"	0.0020902449627159814	0.0016417205333709717	0.003033667802810669	-0.0010661567401404337	0.005999624729156494	0.0017434834111494935
" GUM_interview_libertarian-34
_1"	0.0004823369609470024	-0.0003784671425819397	-0.010514713823795319	-0.015974680817307796	-0.021028712391853333	0.006843032607817712
" GUM_news_nasa-38
_1"	0.0009166124175296747	-0.0014602765440940857	0.004808381199836731	-0.0027311380686504405	0.010731250047683716	0.009440547394517218
" GUM_news_sensitive-10
_1"	0.0018603608790662349	-0.01408383995294571	0.04482189938426018	0.04635934641807338	0.0009537339210510254	-0.010975353757706169
" GUM_news_sensitive-15
_1"	0.004570499033452954	-0.00033763423562049866	0.00016698241233825684	-0.012176727685796918	-0.0031360983848571777	0.004893339470285807
" GUM_news_sensitive-16
_1"	0.004484624649514622	-0.001162547618150711	0.011305004358291626	-0.0015516231175173312	0.008927762508392334	0.011190162874603019
" GUM_speech_austria-29
_1"	-0.0015185781575196775	-0.00021701492369174957	-0.09914761781692505	-0.09532946240217399	-0.027340218424797058	-0.00391176383906984
" GUM_speech_austria-35
_1"	0.0015176516489582292	-0.0005267281085252762	0.002857506275177002	-0.0050204281788319705	-0.045083820819854736	0.008706385438478959
" GUM_speech_austria-38
_1"	0.017318623756938198	0.031962569802999496	0.11684313416481018	0.10217385983237848	0.19183069467544556	-0.0018661097995936876
" GUM_speech_newzealand-4
_1"	0.0035566879176326116	0.000874735414981842	0.0003312826156616211	-0.008375267184486446	0.0005141496658325195	0.010176911198517713
" GUM_speech_newzealand-11
_1"	0.018748293124059345	0.0001935511827468872	-0.09047864737091116	-0.1554473546240479	0.019528642296791077	0.08873308230312948
" GUM_speech_newzealand-14
_1"	0.003494808666737431	-0.001589663326740265	-0.005349025130271912	-0.011431677343792801	0.049858540296554565	0.012615394462515278
" GUM_speech_newzealand-18
_1"	0.006775407736109157	0.00027713552117347717	-0.0022966712713241577	-0.00826125720430626	0.1247415840625763	0.004438176484066331
" GUM_speech_newzealand-19
_1"	0.005040851893375366	-0.0007110796868801117	0.004251569509506226	0.008770890629419159	0.007793251425027847	-0.0009379889475695374
" GUM_speech_newzealand-21
_1"	-0.01772983774947763	0.0006506983190774918	-0.433669738471508	-0.4096542626127391	0.3020364008843899	0.0077631963276734856
" GUM_speech_newzealand-22
_1"	0.020408474603964805	-0.001048000529408455	0.030137725174427032	-0.008448004256933928	0.06267227232456207	0.02562024422167314
" GUM_textbook_chemistry-6
_1"	0.0017984176691718534	0.0036613624542951584	0.012001514434814453	0.010071936630360434	0.009261153638362885	0.0004937978902300744
" GUM_textbook_union-4
_1"	-0.022467196368527245	0.01372573897242546	-0.0013513302999501597	-0.1638316364529041	0.1747102066874504	0.0017747447515527454
" GUM_textbook_union-18
_1"	0.005694661036943077	0.009611997753381729	0.0174148827791214	0.003518992306097646	0.03530383110046387	0.018647394211583845
" GUM_vlog_london-13
_1"	0.0018293399433352495	0.0007488839328289032	0.026143983006477356	0.027410774065062316	0.020875006914138794	-0.008359576831694943
" GUM_vlog_london-18
_1"	0.0017172745685363339	-0.0022421935573220253	-0.022672414779663086	-0.013825171712475437	-0.048037455417215824	0.008688641218129178
" GUM_vlog_london-21
_1"	0.005035096482764241	0.0002584680914878845	-0.007199987769126892	-0.013506838384362063	-0.014347165822982788	0.012964099070112964
" GUM_vlog_studying-10
_1"	0.0010356200399809397	-0.0005480442196130753	0.02557799220085144	0.005946642484876419	0.043433865532279015	0.008100310197078638
" GUM_vlog_studying-21
_1"	-0.0002941365832761361	0.002934735268354416	0.010445982217788696	0.011058648166162866	0.0010140947997570038	-0.0012467908129053518
" GUM_vlog_studying-29
_1"	-0.0066246602158771956	-0.025505702942609787	-0.05090154707431793	-0.05590933976428847	-0.1014355719089508	0.010720617039815375
" GUM_vlog_studying-31
_1"	0.00169882318424526	0.0001328829675912857	-0.04753577709197998	-0.051329297099814375	-0.05354222655296326	0.010265516313562373
" GUM_vlog_studying-32
_1"	0.007927467428207005	-0.0020758137106895447	0.005157239735126495	-0.0024917474355209412	0.015128746628761292	-0.011138769839372897
" GUM_vlog_studying-34
_1"	0.002176934092059178	-0.0016349218785762787	0.030584514141082764	0.021804958722749457	0.060843467712402344	0.00728964091589053
" GUM_vlog_studying-37
_1"	-0.0016157645345079852	0.0024914778769016266	-0.0018134340643882751	-0.004916265352883142	-0.0036230534315109253	-0.006221431218797258
" GUM_vlog_studying-42
_1"	0.0013736543809384216	-9.984709322452545e-05	0.0009681135416030884	-0.001128608925888952	-0.01070055365562439	-0.004065230829587235
" GUM_voyage_vavau-4
_1"	0.0006244647331506079	0.000705081969499588	0.021780669689178467	-0.02201854730483843	0.04440458491444588	0.0018839256344694438
" GUM_voyage_vavau-8
_1"	0.00469124269152732	-0.0002443045377731323	0.0015590563416481018	-0.017320110311680126	0.003943994641304016	0.03173651769596003
" GUM_whow_cactus-3
_1"	-0.0014525984536245887	-0.0007736086845397949	-0.003737151622772217	-0.005125331618089923	-0.008656620979309082	-0.004382454084575341
" GUM_whow_cactus-12
_1"	-0.0029176426948731016	0.01244114339351654	0.03480928776683756	-0.10997471091422173	0.19266177713871002	0.01227246920267741
" GUM_whow_cactus-14
_1"	-0.009544813625698978	0.002851489931344986	-0.12631645798683167	-0.12447703662410115	-0.08166979253292084	0.002288695850890421
" GUM_whow_mice-22
_1"	-0.015457376068905418	-0.05075501650571823	0.08128993213176727	0.03895693430394842	-0.01308634877204895	0.005281506004658626
" GUM_academic_census-3
_1"	0.013072806513378582	-0.0014691855758428574	-0.0025231093168258667	-0.03142559109829146	0.0233018696308136	0.04501762766041176
" GUM_academic_census-4
_1"	0.0026601381944070523	-7.453188300132751e-05	0.0002758502960205078	0.0016084059233775205	-0.0012296698987483978	-0.004624432270330464
" GUM_academic_economics-6
_1"	0.002642767743955443	-0.0018132776021957397	-0.021372660994529724	-0.035940607737309116	-0.03361925482749939	0.013909014250183926
" GUM_academic_economics-10
_1"	0.0017695458572593165	0.0005405619740486145	0.0003475695848464966	-0.0013152945508387859	0.007681399583816528	-0.0009188243059505691
" GUM_academic_enjambment-30
_1"	-0.0006358560536133748	-2.339482307434082e-06	0.012980535626411438	0.00673280339218485	0.03560331463813782	0.007446389283433746
" GUM_academic_enjambment-38
_1"	-0.004601689224911859	-5.289074033498764e-05	0.026010092477225744	-0.05280091384156871	-0.04450978338718414	-0.009064512584511686
" GUM_academic_epistemic-9
_1"	0.0017405261015608353	-2.3324042558670044e-05	0.002839788794517517	-0.0015377469407864552	0.005887463688850403	0.009928025579942379
" GUM_academic_epistemic-12
_1"	0.0038569712830757927	0.000752665102481842	-0.002847321331501007	-0.009125539739606281	-0.006091013550758362	0.011706855983482645
" GUM_academic_epistemic-30
_1"	0.0007565133636251997	-0.000883929431438446	-0.10562703013420105	-0.11488401005503368	0.010792210698127747	0.01596835114938952
" GUM_academic_games-7
_1"	-0.0005039764926428117	0.0006500184535980225	0.025177299976348877	0.026696756596364057	0.01668678969144821	-0.006585135282584337
" GUM_academic_games-25
_1"	0.0003636861542652761	-0.00018390081822872162	-0.0021788477897644043	-0.0009860917372668254	-0.003084799274802208	-0.0002808552703242456
" GUM_academic_games-29
_1"	-0.0030065770646390197	-0.0016057519242167473	0.01670399308204651	0.013422385454177843	0.05887084919959307	0.0008476658410433158
" GUM_academic_huh-8
_1"	0.001856350460384515	-0.0006981734186410904	0.0012558400630950928	0.00576076201179021	0.0016366001218557358	0.017571876348066506
" GUM_academic_huh-10
_1"	0.003794745061623646	-0.0002552475780248642	-0.004256099462509155	0.012189269747035825	-0.00018366239964962006	0.0229183387447415
" GUM_academic_huh-12
_1"	0.006451036429366085	-0.0004164092242717743	0.01610371470451355	0.014790094939984733	-0.0002763979136943817	-0.0053522853760964995
" GUM_academic_huh-13
_1"	-0.0006473787069495446	-0.00011628400534391403	0.0006186440587043762	-0.0006355570268090638	0.001237526535987854	0.0010623517387866321
" GUM_academic_huh-14
_1"	0.0050639615699605706	-0.0022886674851179123	0.05207344889640808	0.045167210640474464	-0.01656153053045273	0.008830164510168548
" GUM_academic_huh-17
_1"	-0.0013988067888680566	-0.0027903225272893906	-0.17283283174037933	-0.17228471398134437	0.012999027967453003	0.01224841457240436
" GUM_academic_huh-17
_2"	-0.007848784274463144	-0.0009135361760854721	-0.21982987225055695	-0.2142335760571501	0.019769489765167236	0.004600032616634775
" GUM_academic_huh-23
_1"	0.003845705089187426	0.000757705420255661	0.004343852400779724	-0.0017358184610523075	0.008687466382980347	0.0069698110690505355
" GUM_academic_huh-28
_1"	0.014105919668857422	-0.0020529385656118393	0.10778486728668213	0.08158201368805629	0.10220339894294739	0.015133198590346564
" GUM_academic_huh-33
_1"	0.013889984371778984	0.0007512066513299942	0.06993049383163452	0.059054147532522916	0.01530815102159977	0.004900735571596121
" GUM_academic_implicature-2
_1"	-0.011914256534254458	0.0004863254725933075	-0.15739555284380913	-0.14055831106780192	0.09942872542887926	-0.007218302879482497
" GUM_academic_implicature-3
_1"	-0.004311245237455047	0.00034286361187696457	-0.12647780030965805	-0.11389111420378473	0.012528367340564728	0.0024072895619600965
" GUM_academic_implicature-4
_1"	0.0015306124413874272	-0.001104225404560566	-0.005253598093986511	-0.008010162380250097	-0.010507673025131226	-0.0023432055165116816
" GUM_academic_implicature-18
_1"	0.007201092529809348	0.00039228983223438263	0.009749144315719604	0.018259164665347716	0.019398005679249763	0.016405703407046307
" GUM_academic_implicature-20
_1"	0.007929454959952148	0.00024327170103788376	-0.007888257503509521	-0.05090638808906078	-0.03987623751163483	0.06986398891313
" GUM_academic_implicature-21
_1"	0.003422254481945275	-0.00016933679580688477	0.003296397626399994	-0.0015052983077625814	0.0037281960248947144	0.00951469144325165
" GUM_academic_implicature-22
_1"	0.010962000195017252	0.0010985331609845161	0.03198344260454178	-0.016283030932148335	0.057727470993995667	0.04968529093034921
" GUM_academic_implicature-31
_1"	0.009766044051543965	7.779523730278015e-05	0.0011691562831401825	-0.01293862198235085	0.0020351633429527283	0.004706509247642765
" GUM_academic_lighting-6
_1"	-0.00026769676255729985	0.00017122551798820496	-0.028569355607032776	-0.028150700353856695	-0.031729698181152344	-0.0024547587364471546
" GUM_academic_mutation-27
_1"	0.0004104104665763886	-0.0024109529331326485	-0.0025608092546463013	-0.0048409340459676375	0.0034139705821871758	0.021867630005415
" GUM_academic_replication-19
_1"	0.0034220243243613946	-0.0003496091812849045	0.04089269042015076	0.04663192795931692	0.004829205572605133	0.006560084628587481
" GUM_academic_salinity-21
_1"	-0.0030123843199700573	-0.0001711975783109665	-0.012853890657424927	-0.015099319709803605	-0.240883469581604	0.0006603615198000901
" GUM_academic_theropod-2
_1"	0.0032936581047053742	-0.0006702207028865814	-0.0013368725776672363	-0.008530909447409418	0.008735597133636475	0.011278537232482871
" GUM_academic_theropod-7
_1"	0.001644078847636829	0.0008813235908746719	-0.010531812906265259	-0.01980195091902348	-0.021058380603790283	0.006493423689937161
" GUM_academic_theropod-9
_1"	0.0011965197932392452	-0.0005571991205215454	-0.00298396497964859	-0.015763074124296228	0.004500899463891983	0.013367730691762891
" GUM_academic_theropod-16
_1"	0.0016554632691182722	-0.0035915877670049667	0.027856692671775818	0.02495744122719079	-0.005884513258934021	0.0018604116585207997
" GUM_academic_theropod-19
_1"	0.0033182809035220973	0.0006470214575529099	-0.0037085041403770447	-0.014061716550283765	0.01041477918624878	0.019441124905992035
" GUM_academic_theropod-19
_2"	0.004436161068492414	-0.0011048614978790283	0.001777641475200653	-0.0048713834236630005	0.036290913820266724	0.006660700043167933
" GUM_academic_theropod-21
_1"	0.0009762200429330806	-0.001116560772061348	0.010134011507034302	-0.010006115716691633	0.021130038425326347	0.0027282017890526145
" GUM_academic_theropod-24
_1"	0.000937233197875087	0.000899873673915863	-0.0005253404378890991	-0.002185895347475264	-0.009082287549972534	0.00016592353297938123
" GUM_academic_theropod-33
_1"	0.002340131787103586	-0.0012663817033171654	-0.027918890118598938	-0.031147323576733443	0.06390616297721863	0.003274274816183184
" GUM_academic_theropod-36
_1"	-0.0016629741780248147	0.00232580304145813	0.01099996268749237	0.00609974351957332	-0.06173577904701233	0.007680008581305894
" GUM_academic_theropod-38
_1"	0.0023221529582649753	-0.0012924205511808395	-0.0014540031552314758	-0.007102362567988796	-0.0029087215662002563	0.007609716635197397
" GUM_academic_theropod-40
_1"	-0.007336651555058651	-8.749868720769882e-05	-0.1756327599287033	-0.16653347095728965	-0.02159234881401062	-0.0036287253621865023
" GUM_academic_theropod-41
_1"	0.004279990282375662	-0.000966731458902359	-0.006695955991744995	-0.014172624772797127	0.004473015666007996	0.005322640284031621
" GUM_academic_thrones-3
_1"	0.006304127811447416	0.0008729565888643265	0.02216920256614685	0.018219668755711904	0.04278580844402313	0.00371994829054742
" GUM_academic_thrones-6
_1"	0.0006731945826766415	-5.7600438594818115e-05	-0.0001304149627685547	0.0011147071931962849	-0.0002751573920249939	0.002050835879579667
" GUM_bio_bernoulli-36
_1"	-0.0016977795363570664	5.694478750228882e-05	-0.06117027997970581	-0.05842220683702237	0.007795520126819611	-0.001985545441351544
" GUM_bio_bernoulli-42
_1"	0.010052431253270544	-0.0006295107305049896	0.03234719857573509	0.01060649349043763	-0.07488171756267548	0.02645080613985877
" GUM_bio_fillmore-18
_1"	-0.0009822765739873618	-0.0006091706454753876	0.06003675224361471	0.08327696320290368	-0.1326643619686365	-0.00734272475207326
" GUM_bio_galois-4
_1"	-0.0016038792305902091	0.00022135116159915924	-0.003256380558013916	-0.001327481317437318	-0.006513476371765137	-0.001072996739006682
" GUM_bio_galois-6
_1"	-0.0015284740559698348	0.00026052631437778473	-0.013470157980918884	-0.012659175884367602	-0.001734904944896698	-0.0004552788786150175
" GUM_bio_galois-6
_2"	0.0009940899601828881	0.00026915594935417175	0.00739731639623642	0.005959850498456376	-0.0018079876899719238	0.00139621986131519
" GUM_bio_galois-14
_1"	0.0018501356959482879	0.00010655634105205536	0.004586711525917053	0.004406010914534519	0.008077964186668396	-0.00246482458299932
" GUM_bio_galois-16
_1"	0.009151604317018933	0.005147527903318405	0.004153817892074585	0.019795490097668456	0.01496870443224907	-0.011395974848575963
" GUM_bio_galois-18
_2"	-0.004613564478697804	0.003935232758522034	0.0012328177690505981	0.008299319414726836	0.01201966404914856	-0.012128936116030248
" GUM_bio_gordon-23
_1"	0.0033290045543453023	-0.004221050068736076	-0.010177463293075562	-0.023806424402151083	-0.007062479853630066	0.02476558061416753
" GUM_bio_hadid-25
_1"	0.005293128476357767	-0.0019146744161844254	0.007984735071659088	-0.006361612074431866	-0.02651338279247284	0.011422581899051487
" GUM_bio_higuchi-10
_1"	-0.0003211614369164062	-0.0007264260202646255	0.00042163580656051636	-0.004524376386155771	4.978477954864502e-05	0.007950778709778533
" GUM_bio_higuchi-11
_1"	0.0013164859501177545	-0.002214919775724411	-0.0020964443683624268	-0.008232984566203694	0.0021029114723205566	0.008558308602207243
" GUM_bio_jerome-20
_1"	-0.00023665771513865091	-0.0024051517248153687	-0.008622154593467712	-0.00991508972474986	-0.018984884023666382	0.0023713246624041395
" GUM_bio_marbles-19
_2"	-0.0005473942658432082	0.0001808367669582367	-0.00023210793733596802	-0.0009851375297792453	-0.0005911737680435181	0.00020385162153765957
" GUM_bio_marbles-21
_1"	0.004662702513154246	0.002015022560954094	-0.018451765179634094	-0.02412222195451963	0.045262306928634644	0.0047118966129698625
" GUM_bio_nida-28
_1"	0.001460772476603929	0.00017494522035121918	0.015490703284740448	0.013712903215524874	0.062057480216026306	0.0007137720161875805
" GUM_bio_nida-29
_1"	-0.0013039409369147645	0.016254588961601257	-0.00012382864952087402	-0.00316389970186548	0.016178593039512634	-0.0034208468544837806
" GUM_bio_nida-29
_2"	-0.0033745128653830947	-0.014787793159484863	-0.0004451572895050049	-0.005596306271386187	-0.015146911144256592	-0.00971684413663286
" GUM_bio_padalecki-35
_1"	0.0037285134637315698	0.0002662297338247299	0.007033884525299072	-0.0021987851660429936	0.009713172912597656	0.008520022246931838
" GUM_bio_theodorus-8
_1"	0.002060548727740849	-0.005169223994016647	0.0026943832635879517	-0.023328810409807055	0.005416184663772583	0.06383775654248891
" GUM_bio_theodorus-25
_1"	-0.0012439497416667361	0.004747031256556511	-0.06288737058639526	-0.058656658431799125	-0.0019253939390182495	0.0043060450959065966
" GUM_conversation_atoms-14
_2"	0.0023701453417002173	-0.0003780461847782135	-0.003994017839431763	0.002657898202065412	-0.007594559341669083	0.01012960558115434
" GUM_conversation_atoms-61
_1"	-0.005197260620113785	-0.0012533236294984818	-0.018292635679244995	-0.016960701686601687	-0.03749711997807026	-0.010689258909652805
" GUM_conversation_atoms-142
_1"	0.0034024055036581263	-0.0005298852920532227	0.014492958784103394	0.010312512616316494	0.029203951358795166	0.0023552787800629957
" GUM_conversation_blacksmithing-91
_1"	0.007488116742866785	-0.003613993525505066	-0.005685523152351379	-0.02509329468011856	-0.013938575983047485	0.014230793962876007
" GUM_conversation_christmas-99
_1"	0.003977145537363974	-0.001353137195110321	-0.09992557764053345	-0.0702330076064055	-0.0020912811160087585	0.05726062456289163
" GUM_conversation_christmas-104
_1"	0.014773815534247794	-0.0018744170665740967	-0.0005618631839752197	0.02279046408477292	-0.001142650842666626	0.032077044496933604
" GUM_conversation_erasmus-28
_1"	0.0036649627845852517	-0.0010009128600358963	0.013259649276733398	0.002835698294429423	0.02499624900519848	0.023169458900211423
" GUM_conversation_erasmus-65
_1"	-0.00022928209900942992	-0.005413038656115532	-0.003980159759521484	-0.007167351823891499	-0.013351542875170708	-0.009110127233414561
" GUM_conversation_erasmus-66
_1"	-0.0010917311943599295	-0.0010034255683422089	0.0166795551776886	0.015368589990097825	0.03237440064549446	-0.0023096899635025314
" GUM_conversation_erasmus-69
_1"	-0.003205240878082556	0.004946839064359665	-0.018456630408763885	-0.01712913488999246	-0.0776936374604702	-0.011941980806890351
" GUM_conversation_erasmus-79
_1"	-0.0014606790038578094	-0.002012070268392563	-0.008924692869186401	-0.00785831584187302	-0.01717429980635643	-0.004160883281763422
" GUM_conversation_erasmus-80
_1"	-0.0030749914219341395	-0.0005139019340276718	-0.00312921404838562	0.00843641643184978	-0.0067440178245306015	-0.01235547502327597
" GUM_conversation_erasmus-82
_1"	0.0036008906853677025	0.0006203865632414818	0.0007666051387786865	0.007547549300071399	0.0021200990304350853	0.01234962421181078
" GUM_conversation_family-49
_1"	0.004797651850279576	0.0022258292883634567	0.039733678102493286	0.051361189086578385	0.08176065795123577	0.017831189214791127
" GUM_conversation_family-68
_2"	0.0034081361605698274	0.002354031428694725	0.0028082653880119324	-0.005602839689415218	0.005637034773826599	0.013429429777539706
" GUM_conversation_family-174
_1"	-0.002292235690818989	0.0007161926478147507	-0.06429219245910645	-0.051094744689468063	-0.0621633380651474	0.007805098581946279
" GUM_conversation_family-184
_1"	0.009192705356385333	-0.004357986152172089	-0.0052892714738845825	-0.020563454215142052	0.010184705257415771	0.031110324410676612
" GUM_fiction_claus-11
_1"	0.0069588452508512755	-5.384907126426697e-06	-0.0037478655576705933	-0.027229421856728497	-0.009581655263900757	0.026878651459183972
" GUM_fiction_claus-21
_1"	0.0022808245494278165	-0.0011809729039669037	0.0017833411693572998	0.004332875005073067	0.002374742180109024	0.0026423143697719836
" GUM_fiction_claus-25
_1"	0.0014483528757797126	0.0021638907492160797	-0.03442008048295975	-0.033196015345096974	-0.04981531202793121	-0.0009066379396244773
" GUM_fiction_claus-38
_2"	0.01066540531199256	-0.0007857214659452438	-0.019879013299942017	-0.0063848496000800115	-0.04193885438144207	0.007883858634158969
" GUM_fiction_error-1
_1"	0.0008368566565167129	0.00023618899285793304	0.0021565109491348267	-0.0010696629651818501	0.004283934831619263	0.0052196023130566815
" GUM_fiction_error-7
_1"	-0.0027234382934198872	-0.00021266937255859375	-0.05637550354003906	-0.057345668313439235	0.008636184968054295	0.005012128780963979
" GUM_fiction_error-13
_1"	0.0011137599365934753	-0.0007713604718446732	0.0013298094272613525	0.004636976254087988	0.0005296897143125534	0.006474629609710389
" GUM_fiction_error-16
_1"	0.006266632428951126	0.002232789993286133	0.0006332695484161377	0.019788883582877004	0.0033425092697143555	0.020109211161200485
" GUM_fiction_error-17
_1"	0.0074953607470938655	-0.0011752359569072723	0.0013803130584721934	0.1517494440416407	-0.22997832857072353	-0.012396380749646746
" GUM_fiction_error-17
_2"	0.013271917125256355	-0.0008758530020713806	0.02484963834285736	0.0065533157158035316	0.03311857581138611	0.02848957545425304
" GUM_fiction_error-17
_3"	0.01833656107542555	-0.0013138148933649063	0.14299140870571136	0.12016984496309213	0.1770716868340969	0.02449248365911784
" GUM_fiction_error-22
_1"	0.002605967705758827	-0.0001353379338979721	0.008710622787475586	-0.0190357266529928	0.017227793112397194	0.020903765974709623
" GUM_fiction_error-24
_1"	0.0023575574023805765	0.0004157852381467819	0.04081800580024719	-0.024416150688569283	0.08198241703212261	0.008092666954122557
" GUM_fiction_error-33
_1"	0.005780289497234151	-3.577210009098053e-05	0.013613291084766388	-0.0004941944677668841	-0.032838091254234314	0.006852023642171509
" GUM_fiction_error-34
_1"	0.003271053097219187	-0.0004708152264356613	-0.005515359342098236	-0.014163861427839652	-0.011024758219718933	0.009469585477684936
" GUM_fiction_frankenstein-23
_1"	0.008244506198133661	-0.0004149544984102249	0.009277433156967163	-0.013653870917072375	0.042057037353515625	0.030265381216610737
" GUM_fiction_frankenstein-27
_1"	0.005882919565267791	-0.0006635449826717377	0.005031153559684753	0.0022512622191711573	0.07910238206386566	0.0028883049061762256
" GUM_fiction_frankenstein-29
_1"	-0.005838723962977008	0.0051924437284469604	-0.09517556428909302	-0.061093997210264206	0.03457824885845184	-0.017533524423128083
" GUM_fiction_frankenstein-53
_1"	0.0009872846744047661	0.0008106529712677002	-0.0014394447207450867	-0.0043997301900087216	-0.002606138586997986	0.003983746596517408
" GUM_fiction_frankenstein-83
_1"	0.02111216484089054	0.0007410850375890732	0.040781617164611816	-0.005652696193594986	0.0809485912322998	0.03416387869843415
" GUM_fiction_garden-6
_1"	0.009256560272370734	-0.0007684584707021713	0.024093657732009888	0.014674691495318415	0.04483407735824585	-0.005829409696161747
" GUM_fiction_garden-19
_1"	0.012896490063975086	-0.0004525715485215187	0.04916761815547943	0.045705889003649136	0.0343460813164711	-0.012123439260849744
" GUM_fiction_garden-25
_1"	-0.00028876144121673525	-0.003910539671778679	-0.03204670548439026	-0.038645331314691056	-0.06948506645858288	-0.011993620741893259
" GUM_fiction_honour-18
_1"	-0.002380290417823422	-9.263865649700165e-05	-0.03866618871688843	-0.04760854677044846	-0.0665682852268219	0.02069619051846011
" GUM_fiction_honour-21
_1"	0.00827773543783658	-0.0016814246773719788	0.02325398474931717	-0.005964754359133018	-0.05778704583644867	0.03128153434381109
" GUM_fiction_moon-6
_1"	0.002132318524991711	9.991973638534546e-05	0.0007841587066650391	0.007152587877945926	0.0016355738043785095	0.010570396158389533
" GUM_fiction_moon-11
_1"	0.0012666741232193746	0.0007514432072639465	-0.02067708969116211	-0.014539842975550665	-0.010407499969005585	0.007874438361752611
" GUM_fiction_moon-14
_1"	0.0017542330585654728	-0.0014761034399271011	0.06060709059238434	0.05889317420819262	-0.0018023252487182617	-0.0048184109562557365
" GUM_fiction_moon-18
_1"	0.0022647145103400906	0.00017979368567466736	0.0005316361784934998	-0.005386576437304558	-0.03301917016506195	-0.00049691948149444
" GUM_fiction_moon-19
_1"	0.0007519976298926423	0.00035939551889896393	0.023710817098617554	0.025159012547672832	0.03399799205362797	0.004567967908570225
" GUM_fiction_oversite-23
_1"	-0.005406143502914934	0.00046155788004398346	-0.08154331147670746	-0.08395291192794752	-0.1629633605480194	0.016652687172728026
" GUM_fiction_oversite-50
_1"	-0.0008120122301204097	-0.0002598930150270462	0.0005765855312347412	0.006511085638541636	0.0009320806711912155	0.010716098120001127
" GUM_fiction_oversite-57
_1"	-0.008114578585988963	-0.0010341424494981766	-0.15747901424765587	-0.14814661556949327	-0.03914111852645874	0.008394077383423515
" GUM_fiction_pag-9
_1"	0.0043787712590420275	5.167350172996521e-05	0.0074460431933403015	-0.0017065064469624636	0.015081271529197693	0.010045765893034686
" GUM_fiction_pag-17
_1"	0.010814649196387714	-0.005468195304274559	-0.004424929618835449	0.022369857224581624	-0.014447694644331932	0.040470617963929784
" GUM_fiction_pag-21
_1"	-0.0016165098795201532	0.000494152307510376	-0.03804141283035278	-0.037544038910165334	-0.07600593566894531	-0.005054028397624158
" GUM_fiction_pag-21
_3"	0.005052234344415145	-0.0009630247950553894	0.02470448613166809	0.014692023719603875	0.04935663938522339	0.012307459874910873
" GUM_fiction_pag-44
_1"	0.005630845263424875	-0.00018675066530704498	0.04830785095691681	0.058682812906900694	9.774230420589447e-05	0.010804853366382844
" GUM_fiction_pag-51
_2"	0.006723549554509961	-4.155002534389496e-05	0.06539654731750488	0.07043031091609642	0.13075524009764194	0.01513603051323073
" GUM_fiction_pag-107
_1"	0.0026958476346297597	0.011659681797027588	-0.00012621283531188965	0.004759218183065239	0.011390447616577148	0.009493306585971042
" GUM_fiction_pixies-22
_1"	0.006857984292705038	0.0008108839392662048	0.0007332563400268555	0.010085321573371164	0.0027976855635643005	0.016670801676809788
" GUM_fiction_pixies-24
_1"	-4.304359576472183e-05	0.0006773043423891068	-0.006942935287952423	0.0007649360028891827	-0.014586463570594788	-0.015459352787657699
" GUM_fiction_pixies-48
_1"	0.011582454273783238	0.0006330013275146484	0.034902915358543396	0.018440254060833716	0.06980440020561218	0.004779690741138029
" GUM_fiction_pixies-58
_1"	-0.0016435332790787766	0.0011081509292125702	0.13587069151821085	-0.027623325765419482	0.3059670142829418	0.027474867391654043
" GUM_fiction_rose-5
_1"	-0.0009785700460358468	0.00148847047239542	-0.0007093250751495361	-0.0002781409605899787	0.022545158863067627	-0.006525078348470131
" GUM_fiction_rose-6
_1"	0.007887925755952464	-0.0003988053649663925	-0.014415062963962555	-0.02707627717228156	-0.028201177716255188	0.024369510774237976
" GUM_fiction_rose-18
_1"	0.0058601907721737845	-0.0015268437564373016	-0.0023658573627471924	0.016675980140765545	0.00010840967297554016	0.033489661136021226
" GUM_fiction_rose-28
_1"	0.0018294280680469094	-0.0009914077818393707	-0.011105988174676895	-0.016094853002761478	-0.021666832268238068	0.008580885913774927
" GUM_fiction_sneeze-7
_1"	0.0007339368499311438	-0.0004864707589149475	-0.0005964040756225586	-0.0036854453917060104	-0.001657821238040924	-0.009453555118742879
" GUM_fiction_sneeze-80
_1"	0.0034006472493126882	-0.0004162527620792389	0.021677255630493164	-0.008129232184408752	0.04302164539694786	0.007678517355368689
" GUM_fiction_sneeze-81
_1"	-0.0018950352578784302	-0.0003245025873184204	-0.056247904896736145	-0.05680751134406281	-0.05451846122741699	0.004186777558461238
" GUM_fiction_sneeze-83
_1"	0.007628699017784887	0.003216821700334549	0.06507869809865952	0.048108876547497625	-0.02550581842660904	0.014172582402825346
" GUM_fiction_time-6
_1"	0.00019481191223269523	0.0003120061010122299	-0.052115216851234436	-0.053372788866795196	0.026564747095108032	0.0034734214777006056
" GUM_fiction_time-17
_1"	-0.0016337746353418045	-0.004653489217162132	0.006399571895599365	0.00519218101565333	-0.004538154229521751	-0.0237714902693896
" GUM_fiction_time-31
_1"	0.0038411030639191185	0.0015835464000701904	0.01279575377702713	0.006838056958065608	0.02606751024723053	0.004776664044087137
" GUM_fiction_time-33
_1"	0.007052931485307903	0.0013535749167203903	-0.008146017789840698	0.008718155535232142	-0.0149375069886446	0.03270984473719932
" GUM_fiction_time-35
_1"	0.0009988598439211044	-0.0017608217895030975	0.0025229156017303467	-0.007804207736155977	-0.0049162358045578	0.009457862234022674
" GUM_fiction_time-41
_1"	0.00023361187699663666	0.0002754088491201401	-0.010853469371795654	-0.03589034720993878	-0.021634841337800026	-0.05580853938058117
" GUM_fiction_veronique-26
_1"	0.006617785386854577	0.00034186430275440216	-0.007191061973571777	0.0039642430333928225	-0.014143435284495354	0.011385035018126169
" GUM_fiction_veronique-40
_1"	0.002118091849888898	-0.000590350478887558	-0.0033049285411834717	-5.2756458324809685e-05	-0.00788673385977745	0.0028036074625731253
" GUM_fiction_veronique-47
_1"	-0.021141834946637364	-0.012983538210391998	-0.10647754371166229	-0.09867722495938791	-0.1309344545006752	0.006676643341779712
" GUM_fiction_veronique-60
_2"	0.0030407226069115445	0.0005097314715385437	-0.0034649819135665894	-0.015167542194065242	-0.03570611774921417	0.018107169095361447
" GUM_fiction_veronique-61
_1"	0.0011930094008142725	0.0009953081607818604	0.035934239625930786	0.03816691391626181	0.07221415638923645	0.0039808127148469735
" GUM_fiction_wedding-7
_1"	-0.0006801791255933443	0.00014508143067359924	0.0014968663454055786	-0.003947009697455761	0.004883795976638794	-0.009821271735228718
" GUM_fiction_wedding-19
_2"	0.002326103717691458	-0.0008012950420379639	0.013837739825248718	0.010483264766027456	0.017775654792785645	0.006774115220238727
" GUM_fiction_wedding-20
_1"	0.016840315178556345	-0.0034773871302604675	0.003712385892868042	0.04960245718671519	0.0038057640194892883	0.0827109701724516
" GUM_fiction_wedding-23
_1"	0.001062622424350776	-0.0016106832772493362	-0.0038314834237098694	-0.006778369859209543	-0.007411077618598938	0.00025897832843017887
" GUM_fiction_wedding-37
_1"	0.002378560364746221	-0.0012456867843866348	0.01168087124824524	0.014837880460926711	0.006337931379675865	0.005481110575298466
" GUM_fiction_wedding-38
_1"	0.003941557972483134	-0.0010909214615821838	0.0055768899619579315	0.00023100621457028403	0.011659465730190277	0.0052118823075523735
" GUM_interview_ants-15
_1"	-0.045760536952697925	0.0018148329108953476	-0.058730054517365016	0.005357941674689504	0.11850771866738796	-0.06641062338846723
" GUM_interview_ants-26
_1"	-8.012809648719893e-05	-0.0013297945261001587	9.775161743164062e-05	-0.004417561721056673	-0.001213565468788147	0.0004959196000751398
" GUM_interview_ants-59
_2"	-0.00011862367730689632	-0.0010480387136340141	-0.006956115365028381	-0.005646249117985835	-0.0020681917667388916	-0.004121414246788663
" GUM_interview_brotherhood-8
_1"	-0.005727303886747505	-0.0032643303275108337	-0.0063315629959106445	-0.011939446401150744	-0.015627168118953705	-0.015679082961688795
" GUM_interview_brotherhood-21
_1"	0.0025441636104055892	0.00030042044818401337	0.005803190171718597	0.0057912708998754114	0.011588260531425476	-0.0022122027659834537
" GUM_interview_chomsky-21
_1"	0.0022274631980206613	-0.0009288638830184937	-0.04261288046836853	0.036173729225993156	-0.00044636428356170654	0.011753334829108036
" GUM_interview_chomsky-30
_1"	0.002185731566712916	-0.0003615729510784149	0.05598387122154236	-0.0391226716664812	0.09153931215405464	0.01259071168904545
" GUM_interview_chomsky-33
_1"	0.0013060790695463564	-0.0002667475491762161	0.0009365975856781006	0.005403357280537202	0.001604301854968071	0.007325702858863831
" GUM_interview_cocktail-19
_1"	-0.009361907226224195	-0.008598795160651207	0.0059410035610198975	-0.018356648055386948	0.003420064225792885	0.006494092846775601
" GUM_interview_cocktail-31
_1"	0.0024946640613215665	-0.0007715392857789993	-0.0012733414769172668	-0.006407174427589091	-0.0023739486932754517	0.004505313056704235
" GUM_interview_cocktail-39
_1"	-0.003996293119954496	-0.0005301050841808319	0.08095484972000122	-0.0032322181223500834	0.1617506928741932	-0.007240417900104684
" GUM_interview_cocktail-50
_1"	0.004056127687237926	0.00014288350939750671	8.96751880645752e-05	0.017848362920964145	0.0003345124423503876	0.026449459187193394
" GUM_interview_daly-5
_1"	-0.006772722917837509	0.0005068238824605942	-0.06604228913784027	-0.05772550404071808	-0.05587312579154968	-0.00940146578085635
" GUM_interview_daly-7
_3"	0.0032817601236533878	2.5661662220954895e-05	-0.0022476911544799805	-0.009957613254748754	0.004997372627258301	0.011644146324175847
" GUM_interview_daly-14
_1"	0.0007673319279197927	0.0004907455295324326	-0.003336150199174881	-0.0048578930729480385	-0.006865061819553375	0.0029961233819657818
" GUM_interview_daly-25
_1"	-0.0009902678054975328	-0.0003370605409145355	0.03738728165626526	0.031506959262806	0.013075873255729675	0.002015828150785992
" GUM_interview_daly-34
_2"	-0.002628363046058981	0.0006573405116796494	0.00936540961265564	-0.0025511470134469416	3.137253224849701e-05	-0.013054362061928532
" GUM_interview_dungeon-17
_1"	0.0009758164698141711	-0.0029082559049129486	0.004368335008621216	0.009627497753909475	0.008747730404138565	0.010613625360334791
" GUM_interview_dungeon-20
_1"	0.001119555128382771	0.0020606033504009247	-0.00010669231414794922	0.002188449069453813	0.001852225512266159	0.0020368018005260044
" GUM_interview_dungeon-20
_2"	0.0009917516737202661	-0.0005972012877464294	-0.00026938319206237793	0.00016895121347815234	-0.001126907765865326	0.0005262554211918763
" GUM_interview_dungeon-21
_1"	0.005656688074840793	-0.0019536390900611877	-0.0693143904209137	0.0516072884978106	-0.14087370783090591	0.002094806358218196
" GUM_interview_dungeon-22
_1"	0.0036752146165675847	0.0023062601685523987	-0.003383234143257141	0.0008466115481603476	-0.006736189126968384	-0.016239546386835474
" GUM_interview_dungeon-22
_2"	0.004786425907046879	0.00245492160320282	0.005549639463424683	-0.0010114015312865376	0.01098555326461792	0.0026194232904041825
" GUM_interview_herrick-15
_1"	-0.0008174556303944258	-0.001650325022637844	-0.006527498364448547	-0.009123300518350308	-0.01331356167793274	-0.002022409898757238
" GUM_interview_herrick-16
_1"	0.0034240596960101732	-0.0009108707308769226	0.007113948464393616	-0.00015619635776753515	-0.016459792852401733	0.005531962440513516
" GUM_interview_herrick-36
_1"	0.0047973138908095556	5.5909156799316406e-05	0.013476967811584473	0.02198971939004457	0.019186973571777344	0.01777856569592054
" GUM_interview_herrick-39
_1"	-0.00840648203672327	0.0018393825739622116	-0.09554655849933624	-0.09619542361068278	-0.18946877121925354	0.012268087954497811
" GUM_interview_herrick-47
_1"	0.0028275096109701275	0.00011626631021499634	0.005671791732311249	0.013310960946338546	0.011355504393577576	-0.01753585793470082
" GUM_interview_herrick-49
_1"	0.0011569576160295261	0.0005846526473760605	0.06957980990409851	-0.06710301854106926	0.004803767427802086	-0.005898245061517399
" GUM_interview_herrick-50
_1"	-0.012049731223819152	0.000996829941868782	0.10327373445034027	0.10580985231653728	-0.29379411041736603	-0.030121784533976625
" GUM_interview_herrick-51
_1"	0.0020237690379364195	0.0006009452044963837	0.013659417629241943	0.01826681593894708	0.027927052229642868	0.008866733046105288
" GUM_interview_herrick-58
_1"	-0.005808332025172058	0.001157483085989952	-0.07367673516273499	-0.07212256274830842	-0.14770489931106567	-0.0019474458135664424
" GUM_interview_herrick-59
_1"	-0.010611726031766557	-0.0010748934000730515	-0.13312917947769165	-0.12521867541193266	-0.03664103522896767	0.004582811457415417
" GUM_interview_licen-8
_1"	-0.0009385552083338786	0.0006030239164829254	0.1475687325000763	-0.09766770694450722	0.295500461012125	0.014378947917884459
" GUM_interview_licen-21
_1"	-0.0018867153387482072	-5.427747964859009e-06	-0.05833311378955841	-0.055236196724237296	0.007402114570140839	0.004564199851419037
" GUM_interview_mcguire-5
_1"	0.0009237966127474476	0.00026660598814487457	-0.015303224325180054	-0.017281213522642558	-0.001952826976776123	0.0032988483788161105
" GUM_interview_mcguire-30
_1"	-0.005384615274139616	0.0006003361195325851	-0.08051767945289612	-0.07937823767926566	0.022580981254577637	0.009655612571287019
" GUM_interview_mcguire-34
_1"	0.005838635875268464	0.0020718835294246674	0.03174246847629547	0.020160558358544356	0.05899124965071678	0.002769283438613143
" GUM_interview_mcguire-42
_1"	0.0035199654846775758	-0.003668511286377907	0.006942629814147949	-0.006660270622755982	-0.0023430585861206055	0.018730537266481544
" GUM_interview_mcguire-42
_2"	0.0013690417135942892	-0.000855838879942894	-0.012776665389537811	-0.019881301211949087	-0.021328911185264587	0.009234591700107223
" GUM_interview_mckenzie-32
_1"	0.0032084510834864202	0.00014469772577285767	0.017753928899765015	0.024301930788593995	0.03564242273569107	0.010912979917512056
" GUM_interview_mckenzie-36
_1"	0.00025052310887055396	0.0002860594540834427	0.001428365707397461	0.0024712898421597185	0.003072993829846382	0.001651318265322499
" GUM_interview_messina-36
_1"	-0.0036232378955155867	-0.0034739337861537933	-0.011461973190307617	-0.0074239341666301195	-0.022966623306274414	-0.011153782927093722
" GUM_interview_messina-43
_1"	0.006144344222335479	-0.004743203520774841	-0.02454341948032379	-0.03670781378730614	-0.05124691128730774	0.026456430007422718
" GUM_interview_messina-49
_1"	0.003693319066351293	0.0026992522180080414	-0.020401179790496826	0.014412631133669307	-0.04291671887040138	0.003220441233780652
" GUM_interview_messina-51
_1"	0.0031544480605222025	-0.0006421739235520363	-0.0005295500159263611	-0.005337670006390183	0.050984352827072144	0.0006948909550709148
" GUM_interview_messina-51
_2"	0.0017112380220397905	-0.0011293739080429077	-0.013703517615795135	-0.01870588386608729	-0.004532217979431152	0.005388733308370183
" GUM_interview_messina-63
_1"	2.0715925671419e-05	-0.00013725832104682922	-0.009359583258628845	-0.008984758151008854	-0.09358415007591248	-0.005098537825135113
" GUM_interview_onion-28
_1"	-0.004289006639615726	-0.0014857221394777298	-0.015047985931015528	-0.11218982748687267	0.08510871231555939	-0.008506337179539691
" GUM_interview_onion-39
_1"	-0.0021305245895887615	-0.002915887162089348	-0.040060773491859436	-0.0413465564061577	-0.08165207505226135	0.005552757300791286
" GUM_interview_onion-41
_1"	0.01434018211956907	0.0016295313835144043	0.039235476275063075	0.11827958080601075	0.028401479125022888	0.009779690189615775
" GUM_interview_peres-4
_1"	0.0012798618814084256	-0.003922905772924423	0.0067035481333732605	0.004339819625655994	0.013400658965110779	0.0023912840631899537
" GUM_interview_peres-14
_1"	0.0016978149882262844	-0.0016057724133133888	0.004149980843067169	-0.0001850744571398888	-0.013607054948806763	0.006627951323358666
" GUM_interview_peres-20
_1"	0.009915102007699975	-0.003311632201075554	-0.02110886573791504	-0.06866829982874068	0.09233009815216064	0.06447874113089508
" GUM_interview_peres-54
_1"	-0.0012075673626826822	-0.00044890865683555603	-0.06620040535926819	-0.05841079775243996	-0.09715952537953854	-0.0014648019615560726
" GUM_interview_peres-70
_1"	0.00294297492397759	-0.0006662514060735703	0.037200525403022766	0.03554860465704002	-0.003600798547267914	-0.005888918991244968
" GUM_interview_shalev-32
_1"	-0.0005538243035655005	0.0002999529242515564	0.14110886691036173	0.0377865608057214	0.40872903913259506	0.018303237522819205
" GUM_interview_shalev-33
_1"	0.004969173655793163	0.0012906510382890701	0.0029954761266708374	-0.005367998937692686	0.005946606397628784	0.006306477038500208
" GUM_interview_shalev-37
_2"	-0.00023438308892820628	0.0010008551180362701	-0.004666149616241455	-0.006492320318331468	-0.008335854858160019	-0.004715988244693561
" GUM_interview_shalev-51
_1"	0.005931369899521324	0.0029832348227500916	0.01908552646636963	-0.004630939600368311	0.03802335262298584	0.03639465864925158
" GUM_interview_shalev-53
_1"	0.004217768245092658	-0.0010812655091285706	0.022431805729866028	0.01714179987832376	0.006490737199783325	0.004958733454816511
" GUM_interview_shalev-68
_1"	0.005324760597018023	-0.0014987383037805557	-0.030999213457107544	-0.01799129064015137	-0.06349335052073002	0.017281869773332986
" GUM_interview_shalev-69
_1"	0.01223116265040284	0.0009276177734136581	-0.13013140497627207	0.11784661128111773	0.0002374555915594101	0.047947958254200576
" GUM_interview_shalev-71
_1"	-0.00857528687691457	-0.001891106367111206	-0.07610507669029287	-0.13825160125270486	-0.046602725982666016	0.012500570486367171
" GUM_interview_stardust-5
_1"	0.009476317535025022	0.0023145414888858795	0.004590213298797607	0.011558201267487522	0.009929332882165909	0.01341725717712608
" GUM_interview_stardust-20
_1"	-0.02356437535289499	-0.0004572272300720215	0.0011154973310465444	-0.15554693506291029	0.12553179077804089	-0.029442796739749616
" GUM_interview_stardust-24
_1"	-0.009516369533860244	0.0008035376667976379	-0.08756084740161896	-0.06880320360770031	0.016158252954483032	0.016492067209007782
" GUM_interview_stardust-31
_1"	0.0003384570712385085	0.0005992334336042404	-0.0010863915085792542	-0.008195599342568083	0.008111104369163513	0.009438136618189694
" GUM_interview_stardust-49
_1"	0.001781617066868857	0.00014304369688034058	-0.010999388992786407	-0.020061373945340688	0.009452924132347107	0.012628912543176968
" GUM_interview_stardust-52
_1"	0.0058525541026134414	0.0012185201048851013	-0.058031320571899414	0.049019139203609896	-0.09829306229948997	0.010902493786433654
" GUM_interview_stardust-54
_1"	0.016830019310344287	-0.00040305405855178833	0.17866720259189606	0.14597256312235485	-0.3714055195450783	-0.0024447871453978226
" GUM_news_afghan-16
_1"	-0.002092406486742193	-0.008015647530555725	1.1205673217773438e-05	-0.0007155391883539863	-0.010784521698951721	-0.003985319830953876
" GUM_news_afghan-25
_1"	-0.00016105064909219258	-0.00022596865892410278	-0.0020190104842185974	-0.0024905996587203383	-0.00458817183971405	-0.0016660008082153566
" GUM_news_afghan-34
_1"	-0.003714183816760565	-0.00027311407029628754	0.01141268014907837	0.0028616729573223143	0.002182239666581154	-0.01679831031936581
" GUM_news_asylum-4
_1"	0.002920349919068463	0.00105387344956398	0.0030075684189796448	-0.008080812329380516	-0.004852160811424255	0.013627625210949817
" GUM_news_asylum-12
_1"	0.006132066413828678	0.0004009883850812912	0.10128426551818848	0.10482607193801907	0.20297577790915966	0.01680531848862926
" GUM_news_asylum-13
_1"	0.0010820041252119772	0.0003029853105545044	-0.012447167187929153	-0.013124098510918558	-0.025368310511112213	0.0007707331983727445
" GUM_news_clock-9
_1"	0.010406614486794204	-0.0005922727286815643	0.09462054073810577	0.0806329470647471	0.15254536271095276	0.007515616232728062
" GUM_news_clock-12
_1"	0.0036229246209726618	-0.0007354533299803734	0.06523850560188293	0.035534679647535095	0.13405162934213877	0.01418380568424861
" GUM_news_clock-15
_1"	-0.001284438375683969	0.0018585994839668274	-0.01089012622833252	-0.010836587139656628	0.0018775537610054016	0.0008938200612608194
" GUM_news_clock-23
_1"	0.005046096313270118	-0.0011484269052743912	0.004193291068077087	-0.009326323877457576	0.017937391996383667	0.01385974581711566
" GUM_news_clock-34
_1"	-0.001012642314587163	-0.0013422481715679169	-0.002399444580078125	-0.0038015934207090707	-0.0870286226272583	0.0020972066468036704
" GUM_news_clock-36
_1"	0.010149634191365553	0.00026172399520874023	0.10701324045658112	0.08418851639083647	-0.009385615587234497	0.009883007196532123
" GUM_news_clock-36
_2"	0.0070445979999253505	0.0006045140326023102	0.05523441731929779	0.03139036967019948	0.031022697687149048	0.012930624082773207
" GUM_news_clock-37
_1"	0.0029284954987944534	0.00014620833098888397	0.0039754584431648254	-0.002197929465470261	0.007867112755775452	0.008064496314315758
" GUM_news_defector-3
_1"	-0.0017155937626996964	0.0001971721649169922	-0.0020323991775512695	-0.0027354614369914376	-0.011389285326004028	0.0004767306014605843
" GUM_news_defector-15
_1"	0.007798987059481163	-0.00323626771569252	-0.01185658574104309	-0.013661564982806684	0.03580312430858612	-0.0013515051096623931
" GUM_news_defector-20
_1"	0.0006027081832915004	-0.00045494548976421356	-0.010689511895179749	-0.01365631722275995	-0.036610379815101624	0.0041662403093533085
" GUM_news_defector-20
_2"	-4.0141128167837936e-05	0.0009177103638648987	0.0009474307298660278	0.0027743179719494915	0.02586980164051056	0.0007130961616713116
" GUM_news_defector-27
_1"	-0.0030896206403226503	-0.002450890839099884	0.00024332106113433838	0.003110809829997785	-0.006463393568992615	-0.0066445334268232376
" GUM_news_defector-28
_1"	0.00028609301718932056	-0.0007977448403835297	-0.0042082443833351135	-0.00593352276334147	-0.02749808132648468	0.0026706309875163536
" GUM_news_defector-29
_1"	0.002826223137197742	-0.001133311539888382	0.0019033104181289673	-0.02044617018515349	-0.046109557151794434	0.008626452570900889
" GUM_news_defector-30
_1"	-0.0010531869651503045	0.0006906632333993912	0.00042094290256500244	-0.004881416169566055	0.0007312595844268799	-0.004193196151285383
" GUM_news_defector-31
_1"	0.006162331405435928	-0.0017948746681213379	-0.05463550239801407	-0.0650077195663058	0.03114912658929825	0.020859252146266882
" GUM_news_defector-32
_1"	0.007304366438214915	-0.0005720183253288269	0.01884254813194275	-0.008609751416813749	0.027485251426696777	0.03130608413013669
" GUM_news_election-4
_1"	0.0005549211057314513	0.0014207065105438232	0.02203189581632614	0.014141450887263707	0.00030587613582611084	0.0043858936200229515
" GUM_news_expo-17
_1"	-8.394000396580448e-05	-0.000960666686296463	-0.00893671065568924	-0.017149996542223267	-0.01805368810892105	0.0035325979166056787
" GUM_news_flag-12
_1"	0.0063965506854793824	-0.0004893820732831955	0.0073077380657196045	-0.008703093963364772	0.018058747053146362	0.01361276931129396
" GUM_news_flag-12
_2"	0.018534328872948466	-0.0032749082893133163	-0.0002990216016769409	-0.039968536632756346	0.07600133121013641	0.034277791855856776
" GUM_news_flag-15
_1"	0.004298699304780718	0.0021361298859119415	-0.003345772624015808	-0.011305671334896794	-0.005948513746261597	0.01664032573179483
" GUM_news_hackers-3
_1"	0.0036539238381715702	0.0006551146507263184	0.04082401096820831	0.03437202743684442	0.02267184853553772	-0.0006094696477819683
" GUM_news_hackers-5
_1"	-0.0019755410883637373	0.0004807654768228531	-0.021666228771209717	0.022709944013951766	-0.04269332252442837	-0.0033487206813311576
" GUM_news_hackers-6
_1"	0.000690473153996278	-0.00025172159075737	-0.0080394446849823	-0.010246585764436045	0.0016053318977355957	0.0019032026182401462
" GUM_news_hackers-14
_1"	-0.006851226368670464	-0.001328570768237114	-0.001581728458404541	-0.016816735789744186	-0.001999480649828911	-0.028920489785847298
" GUM_news_hackers-18
_1"	0.0064954675117165975	-0.00012334808707237244	-0.014691896736621857	-0.02624525795665822	0.16177807748317719	0.016497446310522995
" GUM_news_hackers-18
_2"	-0.0009646294934225891	0.0011097993701696396	0.003300674259662628	0.0022116844691023596	-0.0061915963888168335	-0.0015648694114623468
" GUM_news_hackers-20
_1"	0.001179902125261631	-0.0005907583981752396	-0.005955632905387365	0.018925501757374952	0.015163145959377289	-0.00033895310260495526
" GUM_news_hackers-20
_2"	0.00024399985181153966	-0.001179048791527748	0.0011308789253234863	-0.004859143284954515	-0.045050740242004395	-0.0004012452577698833
" GUM_news_ie9-3
_1"	0.0028931268369088367	-0.0011012032628059387	0.07232289016246796	0.06543238502267523	-0.03300173580646515	0.0053781460514776835
" GUM_news_ie9-19
_1"	-0.0007209083788338316	0.0006158687174320221	-0.00035563111305236816	-0.0011509621491989641	-0.0008672736585140228	-0.0007740286217849113
" GUM_news_ie9-20
_1"	-0.0015504728161343517	0.00010402500629425049	-0.1251625269651413	-0.11938842770510494	0.16874852776527405	0.007703226466516139
" GUM_news_imprisoned-1
_1"	-0.0033406045528192874	0.0007984191179275513	-0.04822187498211861	-0.051091136735384124	-0.09789834171533585	0.003676979633217503
" GUM_news_imprisoned-3
_1"	0.006395695458139138	0.00026002898812294006	0.008454322814941406	-0.002927631515920015	0.01585102081298828	0.02017921895705281
" GUM_news_imprisoned-9
_1"	0.007294305121367403	-0.0008619129657745361	0.044985806569457054	0.03470560762773223	0.04827601835131645	0.0033955347635561545
" GUM_news_imprisoned-10
_1"	0.0014410972862755889	0.0001624487340450287	0.02099144458770752	0.02498039614169323	0.04211791977286339	-0.00401413224397168
" GUM_news_imprisoned-11
_1"	-0.010380484790537325	-0.0011144988238811493	0.06459731994094797	-0.0355517675586301	0.041567666456103325	-0.010169698083727391
" GUM_news_imprisoned-13
_1"	0.003541171414134625	-0.002246817573904991	0.013113273307681084	0.008376614422236806	-0.04106440767645836	0.0021308178262535726
" GUM_news_imprisoned-14
_1"	0.0008817449851999185	0.002124049700796604	-0.0011074915528297424	0.0013185362966562364	-0.002329424023628235	-0.004423024629490568
" GUM_news_imprisoned-15
_1"	-0.016863713976950856	0.0006065517663955688	-0.18305082619190216	-0.17196779138359586	-0.20724943280220032	0.009586015476556548
" GUM_news_imprisoned-22
_2"	0.004327936865534801	0.00011768005788326263	0.005662553012371063	-0.006193369202888932	-0.007696241140365601	0.019628123569612688
" GUM_news_imprisoned-23
_1"	0.009440221528243378	0.0009171385318040848	-0.05372525006532669	-0.07428054843138865	-0.09232290089130402	0.037034777148316295
" GUM_news_taxes-8
_1"	0.004519980394591075	0.0012237168848514557	-0.017732948064804077	-0.02853885362679698	-0.03546208143234253	0.023806012552907513
" GUM_news_warhol-25
_1"	-0.003141809595625586	0.0025521516799926758	-0.0686609260737896	-0.07157675036706213	-0.050446055829524994	0.012462128562709465
" GUM_news_warhol-27
_1"	0.0006208987463856425	-0.0010015573352575302	0.006625264883041382	0.006309187702124519	0.018390953540802002	-0.0016024507143095612
" GUM_news_warhol-32
_1"	0.0010563795868304693	-0.0015094820410013199	-0.022085681557655334	-0.027182055603767852	-0.07461386919021606	0.011339844534522192
" GUM_news_warhol-39
_1"	0.0032921783643392044	-0.002031148411333561	0.00028440356254577637	-0.015560366841849693	-0.022851526737213135	0.028180634185287448
" GUM_news_warhol-42
_1"	-0.0024798030647054242	0.0023898519575595856	-0.08560812473297119	-0.08391768382812936	0.054101020097732544	0.0046231542843953866
" GUM_news_warhol-44
_1"	0.0006700803995978236	0.00038452260196208954	-0.002877209335565567	-0.0055712181827093366	0.008669190108776093	0.004124273361670927
" GUM_news_warhol-52
_2"	0.0056817809786937	-0.0007222816348075867	1.9729137420654297e-05	0.010589458159625531	-0.0006896182894706726	0.017107643712837795
" GUM_news_warhol-56
_1"	-0.0071732321156316725	-0.00020654872059822083	-0.003349674865603447	0.0008474903957297331	0.012382838875055313	-0.014635805590618112
" GUM_news_warhol-75
_2"	0.007510474711912261	-0.0004862900823354721	-0.08729681013050028	0.08797960717514242	-0.20915809832513332	0.005334753610096332
" GUM_news_warming-5
_1"	0.0006125941296798859	0.001050598919391632	0.01163947582244873	0.0047776874489885435	0.012932367622852325	0.008728202517300943
" GUM_news_warming-15
_1"	0.00025596127127332224	0.0029721036553382874	-0.0038008764386177063	-0.007410172944357751	-0.0081796795129776	0.006320127007087006
" GUM_news_warming-16
_1"	0.012791688854157449	-0.0006186198443174362	-0.020113199949264526	-0.05029735023244508	0.020720617845654488	0.047852577391619744
" GUM_news_warming-21
_1"	0.00048014216661397546	-0.0015153363347053528	-0.007246650755405426	-0.04980103737220931	0.02283903956413269	0.04730991267062949
" GUM_news_worship-3
_1"	-0.002125579630913907	-0.0009182635694742203	-0.009298905730247498	-0.022130314889666325	-0.04087798297405243	0.010845785397326668
" GUM_speech_albania-13
_1"	0.000505471068226071	0.003396119922399521	-0.005253098905086517	-0.008163982633781708	-0.023079007863998413	0.002155670463696302
" GUM_speech_albania-14
_1"	0.004591246534894511	0.0008423421531915665	-0.007805846631526947	-0.017612397881845543	0.032932981848716736	0.010958323494760669
" GUM_speech_albania-23
_1"	-0.001683296001864204	-0.001488691195845604	-0.031021982431411743	-0.032372980474854596	-0.04682272672653198	0.0031026072560273316
" GUM_speech_albania-30
_1"	0.004516836524511916	-0.00040050409734249115	0.0048074871301651	-0.002020536868851508	0.013525158166885376	0.012694051174017104
" GUM_speech_destiny-24
_1"	-0.0017455427059774077	-0.0004309415817260742	-0.04957886040210724	-0.0472458484702003	-0.058073947206139565	0.0002712400227382408
" GUM_speech_nixon-8
_1"	0.0036112708724422918	0.0005005169659852982	-0.016185462474822998	0.00646042438725436	0.014939039945602417	0.016181116725108247
" GUM_speech_nixon-10
_1"	0.0003282223188016964	0.0004188939929008484	-0.04000431299209595	0.03494352714896398	-0.0353265106678009	0.006938271028826937
" GUM_speech_nixon-11
_1"	0.0007382416711971783	0.0004033949226140976	-0.00027808547019958496	-0.00021864366929302825	-0.00013227201998233795	-0.0010546793684273262
" GUM_speech_nixon-14
_1"	-0.0005241575307932504	-0.0005091987550258636	0.017097800970077515	0.016843030535547476	0.03296542540192604	0.00035919392878404344
" GUM_speech_nixon-23
_1"	0.00044845860469456406	-0.0007978342473506927	0.00447198748588562	0.004816209735474697	0.008040700107812881	0.0030709730621327758
" GUM_speech_nixon-27
_1"	0.005898951678646271	0.0009145550429821014	-0.010616987943649292	9.091730135923903e-05	-0.001999933272600174	0.018539282904561097
" GUM_speech_nixon-29
_1"	0.0014574137143793311	0.0011451859027147293	0.006078869104385376	0.005027666687965393	0.01788228750228882	0.0002905562782334267
" GUM_speech_nixon-31
_1"	0.0013533240687339729	-0.0007275175303220749	-6.443262100219727e-05	0.004962670703285599	-0.0012637805193662643	0.009315505675244001
" GUM_speech_nixon-38
_1"	-0.0025284003807180995	-0.00035195425152778625	-0.058330073952674866	-0.0565443688442524	-0.11656835675239563	0.00024772599949550445
" GUM_speech_nixon-40
_1"	0.00046436505055360774	0.00011714734137058258	0.01230621337890625	0.011605510055013646	0.0018593911081552505	-0.001056019532955997
" GUM_speech_remarks-5
_2"	0.0004425300341593698	0.00023097172379493713	-0.002979755401611328	-0.00216869032360556	-3.5937875509262085e-05	0.0014477968977933547
" GUM_speech_remarks-7
_1"	-5.7872011972343734e-05	-0.00016929395496845245	-0.002063572406768799	0.0029317078419777154	0.0044783782213926315	-0.0017472006337624704
" GUM_speech_remarks-12
_1"	0.0011844965998546522	0.0008127465844154358	0.0006668344140052795	0.0003509044327368871	0.0003779679536819458	-0.002083419022754808
" GUM_speech_remarks-12
_2"	0.002765260031793712	0.00035380199551582336	-0.0026651397347450256	-0.00793595827288096	0.022535845637321472	0.006929252460373167
" GUM_speech_remarks-19
_1"	0.00028347566200692675	-0.0013846978545188904	-0.010531008243560791	0.006583801202865502	-0.021750710904598236	0.0008054259027737848
" GUM_speech_remarks-25
_1"	-0.004364670456120823	-0.0010749977082014084	0.0016324520111083984	-0.001079239516260766	-0.0010232608765363693	-0.006822341614786315
" GUM_speech_remarks-27
_1"	-0.0029366823182624714	0.03275351598858833	-0.06553250910816244	-0.13525126751622718	0.10562652722001076	0.0016177550324689323
" GUM_speech_school-6
_1"	0.009463275421345979	-0.00272301584482193	0.12367359934272715	0.020239733082238698	0.41729880683124065	0.059361204904104986
" GUM_speech_school-11
_1"	-0.0007034646254781285	0.00013359449803829193	-0.021204248070716858	-0.018321424502106498	0.00175437331199646	-0.004726773195523913
" GUM_speech_school-22
_1"	0.0011148494882259885	-0.0002159811556339264	0.057712588329887904	0.06446648846651704	-0.08142084255814552	0.012945256054046603
" GUM_speech_trump-22
_1"	0.002819900509614781	-0.0013553965836763382	0.0008423775434494019	-0.0029015868047486126	0.0035028159618377686	0.004548427422664009
" GUM_speech_trump-69
_1"	-0.0018161593376952029	0.00048357993364334106	0.09366321563720703	-0.08478464672682418	0.18766630440950394	-0.007302880062368414
" GUM_textbook_cognition-55
_1"	-0.00046844490850168896	0.0010263621807098389	0.002816423773765564	-0.00044909814697879913	0.057074833661317825	-0.007061924816680554
" GUM_textbook_evoethics-7
_1"	0.0007805643930641135	0.00015409104526042938	0.007758483290672302	0.008839079855939791	0.029592961072921753	-0.004263041972675741
" GUM_textbook_evoethics-9
_1"	0.002216172530541828	0.0006314171478152275	-0.0028198659420013428	0.0013880179312667495	-0.004905198700726032	0.0038356435408935657
" GUM_textbook_evoethics-10
_1"	0.007429039963031389	-0.0009321244433522224	0.0010481178760528564	0.023549360265501584	-0.0008918317034840584	0.026606504022371247
" GUM_textbook_evoethics-11
_1"	-0.0012676444912896948	0.00013121496886014938	-0.06482401490211487	-0.06555105375944914	0.04228010307997465	0.008147878808690862
" GUM_textbook_evoethics-12
_1"	0.005474228362688613	0.0004151593893766403	0.002000633627176285	-0.00926147923841103	0.004243142902851105	0.014691790889593825
" GUM_textbook_evoethics-12
_2"	0.00037931812497830897	0.0007192324846982956	-1.2036412954330444e-05	-0.0025669665305645406	-0.00019287317991256714	-0.0035522118698628202
" GUM_textbook_evoethics-14
_1"	0.0013324911703751982	4.405714571475983e-05	-0.0024786293506622314	0.0025538265751464673	-0.004893472418189049	-0.0027372096274413255
" GUM_textbook_evoethics-14
_2"	0.0005000962002820256	0.0001375824213027954	-0.0007756948471069336	-0.0003509804036687658	-0.0012392252683639526	-0.00032238999343647823
" GUM_textbook_evoethics-16
_1"	0.006097339100775506	0.0005783736705780029	-0.003005668520927429	-0.03621314076169324	-0.016246624290943146	0.07242296530070888
" GUM_textbook_evoethics-16
_2"	0.008383007713471335	-0.0001925583928823471	0.008624330163002014	-0.020130254578566764	0.0031975656747817993	0.04022444722956264
" GUM_textbook_evoethics-17
_1"	0.0018605675158897203	0.00010851211845874786	0.012532472610473633	0.006327729288375772	-0.024996547028422356	0.006983511574196202
" GUM_textbook_evoethics-21
_1"	0.003812731623839105	-0.0003461213782429695	0.0017195940017700195	0.008808521827357585	-0.00010853726416826248	0.005626391145822585
" GUM_textbook_evoethics-22
_1"	0.014840096167490824	0.0011126184836030006	0.09897235780954361	0.07717932954893203	-0.1705961674451828	-0.012229056505020708
" GUM_textbook_evoethics-26
_1"	-0.002706315519928476	0.0002580741420388222	0.0032372474670410156	0.008261410489336485	0.04289504140615463	0.0005926116200333231
" GUM_textbook_evoethics-32
_1"	0.008077596106292328	-0.00015857070684432983	0.04462836682796478	0.033964243286142226	0.08008608222007751	0.0066206516992104725
" GUM_textbook_evoethics-32
_2"	0.004423283773285727	-0.001146448776125908	0.011764779686927795	0.006253166624197837	0.023693591356277466	0.0024394724812162594
" GUM_textbook_evoethics-35
_1"	0.01248182650726877	-0.007255513221025467	-0.08451496809720993	-0.0808376528752538	0.3092311769723892	0.005293216048316521
" GUM_textbook_evoethics-40
_1"	9.151879042882533e-05	-0.001073082908987999	0.03036344051361084	-0.0283549291312567	0.05816636420786381	-0.0007612862609899934
" GUM_textbook_evoethics-41
_1"	0.009951336789017794	0.0007938146591186523	-0.032178443054580175	0.22785360345645156	-0.283205009996891	0.0018360018204416906
" GUM_textbook_evoethics-42
_1"	-0.0005896216770715501	0.0002474812790751457	-0.011777795851230621	-0.008375079549473363	-0.005635946989059448	-0.007419441055519754
" GUM_textbook_evoethics-50
_1"	-0.005875791564589852	4.416145384311676e-05	-0.05176854878664017	-0.05020881853313475	-0.007209025323390961	-0.0036669932210779965
" GUM_textbook_grit-12
_1"	-0.00025765059058633494	-0.0006669424474239349	-0.01090715080499649	-0.013739744403467702	-0.023105934262275696	0.004599448207479248
" GUM_textbook_grit-23
_1"	0.0038025623345806225	-0.0009515099227428436	0.008565396070480347	0.019799228120786605	0.016430038958787918	0.022280408597643964
" GUM_textbook_grit-25
_1"	0.003230322999726226	-3.741122782230377e-05	-0.04733008146286011	0.0353294881836822	-0.09477517940104008	0.007575529533019987
" GUM_textbook_grit-40
_1"	0.00030140460932337465	-0.00035400688648223877	0.006446510553359985	0.006478902453858737	0.001848757266998291	-0.0028141540312913715
" GUM_textbook_grit-40
_2"	-0.0007025672090090473	-0.00019520707428455353	-0.013672903180122375	-0.012257778225075233	-0.027436047792434692	-0.003535079995565349
" GUM_textbook_grit-41
_1"	0.0032530946999985086	0.0015735533088445663	0.020852819085121155	0.01573966843696928	0.003850609064102173	0.002072054825291249
" GUM_textbook_grit-42
_1"	-0.002301109138630311	-0.0003461558371782303	-0.006858650465584315	-0.10033210109580648	0.02121737413108349	-0.016443766467273246
" GUM_textbook_grit-48
_1"	0.007259331565362688	-0.0013744048774242401	0.05693783611059189	0.047520719883913154	0.06632943451404572	0.00791247180323043
" GUM_textbook_history-10
_1"	0.003355371199749796	0.002466375008225441	0.044577695429325104	0.035984647265300596	-0.032679393887519836	0.005836185821819884
" GUM_textbook_history-16
_1"	0.0019263173586258897	0.0003041233867406845	0.007481426000595093	0.0019892896618428635	0.011541992425918579	0.0013207930355117886
" GUM_textbook_history-17
_1"	0.005693475209487861	-0.0008371882140636444	0.02191932499408722	0.012337675509082269	0.021326139569282532	0.013971391756505885
" GUM_textbook_sociology-11
_1"	0.0019373789384083476	-2.933107316493988e-05	0.001031436026096344	-0.002003569593082899	0.002064064145088196	0.004764259265431642
" GUM_textbook_sociology-15
_1"	0.006426026916037067	-0.00106915645301342	0.040085941553115845	0.05101976121265084	0.07783553190529346	0.012636082272591248
" GUM_textbook_sociology-18
_1"	0.005449018989820087	-0.005555272102355957	-0.03645999729633331	-0.00662515810549702	0.028076976537704468	-0.006344683586873789
" GUM_textbook_sociology-38
_1"	0.0036106611860842464	0.0017320215702056885	0.026967287063598633	0.029621345277120903	0.05412164330482483	0.014431840493617676
" GUM_textbook_spacetime-5
_1"	-0.027946890562471037	-0.005002576857805252	-0.14310354739427567	-0.1035915993830625	-0.2710062712430954	-0.06767984138072645
" GUM_textbook_spacetime-8
_1"	9.346767358782426e-05	0.0017393697053194046	-0.00825493037700653	-0.006770863539228844	0.0026539862155914307	-0.0064527667573729824
" GUM_textbook_spacetime-11
_1"	0.014598352607328058	0.021214228123426437	0.02259048819541931	-0.005098748376423656	0.044876158237457275	0.026491202993525392
" GUM_textbook_spacetime-15
_1"	0.0016781429243095253	6.509199738502502e-05	0.018571823835372925	0.013130840335135119	0.0036344677209854126	0.007563085494473348
" GUM_textbook_spacetime-16
_1"	-0.0032328492379226186	0.0034308824688196182	-0.014742910861968994	0.0071582549519582095	-0.02696891687810421	-0.009074950544067178
" GUM_textbook_spacetime-17
_1"	-0.0046408703091897485	-0.0028471406549215317	-0.01047992346706339	0.056599600833930785	-0.00045362114906311035	-0.008128549689326886
" GUM_textbook_spacetime-20
_1"	0.000549477476039277	0.00013244710862636566	-0.003384549170732498	-0.003787177135685438	0.004978125914931297	0.0006769351536271839
" GUM_textbook_spacetime-54
_1"	0.00030439152740130426	0.0008386522531509399	-0.004495739936828613	-0.008086774789262563	-0.009561300277709961	0.0049391669735703025
" GUM_textbook_spacetime-63
_1"	0.0010605022741526568	-0.0010092947632074356	-0.009380877017974854	-0.0028526526715221268	-0.012181112542748451	0.00303081366130048
" GUM_textbook_spacetime-65
_1"	-0.00108309401246319	0.00015128962695598602	-0.041305989027023315	-0.04530037354486882	-0.08261674642562866	0.009577673704673856
" GUM_textbook_spacetime-67
_1"	0.0018184193716282299	-0.00250372476875782	-0.008329793810844421	-0.015620942001363991	-0.017191976308822632	0.00976273286107339
" GUM_vlog_college-5
_2"	0.00512325687716593	-0.001020323485136032	-0.011844560503959656	-0.02347357716536569	-0.023702472448349	0.008378866108702143
" GUM_vlog_college-69
_1"	-0.003988473445798675	-0.0026749782264232635	0.08199100196361542	0.09308876929204435	0.10025390982627869	-0.03379292574653815
" GUM_vlog_college-94
_1"	0.003476171072580761	-0.0029897503554821014	-0.03270615637302399	-0.03888090719085402	0.025481075048446655	0.01318958099000156
" GUM_vlog_college-104
_1"	-0.011255170940571949	-0.0008057914674282074	-0.13717325391349844	-0.1691328580237248	0.07805677689611912	0.0415890564314193
" GUM_vlog_covid-9
_1"	0.0031069980387406215	0.00289720855653286	0.011076472699642181	0.004889044533858411	0.02211432158946991	0.008250495118405587
" GUM_vlog_covid-17
_1"	0.00422271708163623	0.0004822947084903717	-0.1065320372581482	0.09636173291966832	-0.21090951189398766	0.003084401783574685
" GUM_vlog_covid-18
_1"	0.0033537403120290146	0.010425534099340439	-0.0008914470672607422	0.01798057913059181	0.008541431277990341	-0.004369728472726098
" GUM_vlog_covid-22
_1"	-0.00965322012552293	0.00012644939124584198	-0.007233530282974243	0.009761200996903474	-0.014442265033721924	-0.039174804750233244
" GUM_vlog_covid-32
_1"	0.0033751331164039305	-0.0007416587322950363	-0.06108558177947998	0.054916117970996714	0.01316078007221222	0.005157504792487819
" GUM_vlog_covid-41
_1"	0.005437274326690333	-0.0005833674222230911	0.006520062685012817	-0.00668255283840391	0.021282851696014404	0.020782196358625396
" GUM_vlog_covid-47
_1"	0.0030942434683286363	-1.2524425983428955e-05	-0.004856318235397339	-0.012184238691321236	-0.00971144437789917	0.005858080213268599
" GUM_vlog_covid-58
_1"	0.0010067787496296984	-0.004428654909133911	-0.019632458686828613	-0.016023300273190877	-0.05294427275657654	0.0030792718038264028
" GUM_vlog_hair-7
_1"	-0.01899883863113566	-0.0043289195746183395	-0.023451581597328186	-0.042129809003589425	-0.05681835114955902	-0.001375144879732837
" GUM_vlog_hair-10
_1"	0.011711251069497178	-0.001271745190024376	0.21295782923698425	0.1685215583337205	-0.02560204267501831	-0.04413336972900471
" GUM_vlog_hair-26
_1"	0.007342249767127218	-0.0007975175976753235	0.000996619462966919	0.01496723321649962	0.0014961287379264832	0.029854122117873944
" GUM_vlog_hair-27
_1"	0.0022381298758494678	-0.0024415310472249985	0.004896640777587891	0.0017114705152132537	0.010907888412475586	0.0045635435290264925
" GUM_vlog_hair-34
_1"	0.007779187799893228	-0.00047797150909900665	0.019717082381248474	0.011186246078817463	0.043718308210372925	0.005118841402387872
" GUM_vlog_hair-44
_1"	0.000570342121186649	0.0004717409610748291	0.013026952743530273	-0.016033539626541526	-0.008269518613815308	0.0017317315778751508
" GUM_vlog_hair-60
_1"	-0.0008016748917958061	-0.0023344233632087708	0.05105876922607422	0.03062890604007662	-0.0018736198544502258	-0.003982887501334242
" GUM_vlog_hair-60
_2"	-0.0007075445548850728	0.0013019312173128128	0.008439064025878906	0.007638400725246686	0.0013014543801546097	-0.0038706629184653563
" GUM_vlog_hiking-23
_1"	-0.00017570546442839674	0.0018888451159000397	-0.005787231028079987	-0.010133691328347294	-0.01690022647380829	0.004153597132227876
" GUM_vlog_hiking-36
_1"	0.0025791074396156813	0.001159723848104477	-0.007193505764007568	-0.012042580907340672	-0.01480710506439209	0.007999677054174502
" GUM_vlog_hiking-78
_1"	0.0012190845862725674	-0.0019666217267513275	0.00599437952041626	0.003177837859122734	0.012290716171264648	0.003178681131306531
" GUM_vlog_lipstick-57
_1"	-0.00680267341219238	-2.1830201148986816e-05	-0.02320762351155281	-0.008089233454572242	-0.007234849035739899	-0.028048028450419177
" GUM_vlog_lipstick-70
_1"	-0.0013506536840535432	-0.0020906999707221985	-0.0008110105991363525	0.011263671892289162	-0.0016368106007575989	0.020872231417645992
" GUM_vlog_lipstick-71
_1"	-0.003310750768456064	0.008389778435230255	-5.303323268890381e-05	0.017809236775927273	-0.00010415911674499512	-0.029315123669869547
" GUM_vlog_lipstick-79
_2"	-0.0052966870693453155	-0.0016604885458946228	-0.0047574639320373535	-0.01908286515909885	-0.011300168931484222	-0.03386093333984414
" GUM_vlog_lipstick-111
_1"	-0.001385757657846376	-0.0023409463465213776	-0.011889025568962097	0.0219543695272435	0.008357085287570953	0.022469870173014106
" GUM_vlog_lipstick-119
_1"	0.005093018295212234	-0.0007258765399456024	0.05631941556930542	0.04688275625759908	0.1119224913418293	0.010447390584482089
" GUM_vlog_lipstick-122
_1"	0.002055657554626847	0.0023506097495555878	-0.016388356685638428	-0.021524056016157034	-0.02953072264790535	0.0032642470334063867
" GUM_vlog_lipstick-124
_1"	0.0033157701413708135	0.0038739386945962906	-0.0035429298877716064	-0.011702292973454043	0.028807491064071655	0.011109268919018839
" GUM_vlog_pregnant-5
_2"	0.016776768421923466	-0.010010207071900368	0.031707763671875	0.06236781505867839	0.053410088643431664	0.03126516974294968
" GUM_vlog_pregnant-5
_3"	0.004222306302850434	0.001631433144211769	-0.0002098381519317627	0.010915276991134482	0.0012190286070108414	0.010507121040058631
" GUM_vlog_pregnant-11
_2"	0.00013329698077080288	0.0027700476348400116	-0.015318259596824646	-0.015739467852780797	0.0032497458159923553	-0.0006281467038375677
" GUM_vlog_pregnant-37
_1"	0.004040548492101566	0.0001079123467206955	0.002118617296218872	0.008583899943899076	0.004335252568125725	0.012425101828900567
" GUM_vlog_pregnant-40
_1"	0.0016907338176582673	0.0018670428544282913	0.01737944781780243	0.01637180175584485	0.005029588937759399	-0.004089729932065189
" GUM_vlog_pregnant-48
_1"	0.0007836852758779655	-0.0003250371664762497	0.005187898874282837	0.004993274001137027	0.010076390579342842	7.62678431095315e-05
" GUM_vlog_pregnant-52
_1"	0.000428442142800238	0.0008487440645694733	-0.0032209157943725586	-0.00355743107128359	-0.006435394287109375	-0.0003309225403993893
" GUM_voyage_cuba-13
_1"	-0.0029415044847395863	0.0005613397806882858	-0.033436551690101624	-0.030666500088517346	-0.06124725937843323	0.0028128123621952578
" GUM_voyage_cuba-14
_1"	0.0019373253637124527	-0.00463480968028307	0.005869723856449127	0.0029442106692219028	0.003430679440498352	-0.0023399728203290365
" GUM_voyage_cuba-30
_1"	0.019302906076632223	-0.004679456353187561	0.06161260046064854	0.03655877612627956	0.12472974136471748	0.024598096603793765
" GUM_voyage_cuba-31
_1"	0.0010677776135616657	-7.824786007404327e-05	-0.010061383247375488	-0.014573851261880821	-0.02556777000427246	0.0074749165391992944
" GUM_voyage_isfahan-3
_1"	0.0038428745769770595	-2.4626031517982483e-05	0.01930837333202362	0.015263975057670298	0.00023972056806087494	0.006764825699584823
" GUM_voyage_lodz-6
_1"	0.007334154973767694	0.00015513412654399872	0.0036895722150802612	-0.007405957869219937	0.05120238661766052	0.019258216773046233
" GUM_voyage_lodz-12
_1"	0.0010555878727228074	-0.001102682203054428	0.13773255409774832	0.1539030599094785	-0.04099676012992859	-0.018087520335253293
" GUM_voyage_merida-25
_1"	-0.000539786227570116	-0.007776008918881416	-0.019240349531173706	-0.0163845736808671	-0.03231114149093628	-0.0047877557432801365
" GUM_voyage_sydfynske-37
_1"	-0.006086254194773544	-0.00952073186635971	-0.022950690110302485	-0.08950203391794975	0.07457486912608147	-0.030364003162831055
" GUM_voyage_sydfynske-45
_1"	0.00035791439672584746	0.00021472014486789703	-0.003786146640777588	-0.006274180753921832	-0.007364392280578613	0.002583513765419543
" GUM_voyage_sydfynske-56
_1"	-0.001353999487752576	-0.0008613131940364838	-1.3768672943115234e-05	-8.662025811101426e-05	-0.0008427165448665619	-0.00021927310527947164
" GUM_voyage_thailand-2
_1"	0.0027699991025767826	-0.0013949498534202576	0.08280791342258453	0.08087323929625334	-0.029719866812229156	-0.0038254734238975935
" GUM_voyage_thailand-10
_1"	0.015050112219552922	-0.0031049419194459915	0.15060552569208197	0.26680318111749857	0.03644131310284138	-0.06350366629616558
" GUM_voyage_thailand-16
_1"	0.011902378818580986	-0.002567315474152565	0.01940765231847763	-0.0027106707450001988	0.03337959945201874	0.03166868941237529
" GUM_voyage_thailand-16
_2"	0.006246039318743929	-0.0003422461450099945	0.006451129913330078	-0.009460453083738662	0.012176752090454102	0.020773319970993756
" GUM_voyage_thailand-34
_1"	0.009219356245447438	0.0004655122756958008	0.03740350157022476	0.014260004472100296	0.0037687569856643677	0.008696131882342417
" GUM_voyage_thailand-35
_1"	0.0061752746981084475	-0.0010478496551513672	0.00844922661781311	-0.0053456243816293325	0.01737910509109497	0.026243191348544845
" GUM_voyage_thailand-35
_2"	0.00587038472570315	0.0014723390340805054	-0.008712992072105408	-0.028327865419643272	-0.01774880290031433	0.03670412755891707
" GUM_voyage_tulsa-14
_1"	-0.007927672334383025	0.00016986951231956482	-0.13898302974281362	-0.14122361121163973	-0.04152381047606468	0.0004444221273211396
" GUM_voyage_tulsa-52
_1"	0.00720462627099986	-0.0010148081928491592	-0.005451925098896027	-0.022698101530925774	-0.01055838167667389	0.03614350497467904
" GUM_voyage_tulsa-55
_1"	0.00516883207236063	-0.000308256596326828	-0.004993639886379242	-0.017620002690742154	-0.008293792605400085	0.026867228910390645
" GUM_voyage_york-31
_1"	-0.007390475685120093	-0.0006090123206377029	-0.003289163112640381	0.008785750990112695	-0.006576657295227051	-0.02344199661097987
" GUM_whow_arrogant-10
_1"	0.003461930751912805	-8.059479296207428e-05	0.0060356855392456055	-0.006844007658461715	0.01495516300201416	0.0231955506256208
" GUM_whow_arrogant-12
_1"	0.0010849544863616792	0.009075917303562164	-0.004309199750423431	-0.0073432467133812684	-0.008394882082939148	0.0028963261317053735
" GUM_whow_arrogant-22
_1"	-0.0022277438159006707	0.0016942769289016724	0.0014913976192474365	-0.0030362553434906125	0.006885543465614319	-0.0035923839369345345
" GUM_whow_arrogant-25
_1"	0.003463736930280757	0.00043520890176296234	0.08430546522140503	-0.0848208076587712	0.16105482541024685	0.012005476273475132
" GUM_whow_arrogant-32
_1"	0.0038492085987107197	0.0005220193415880203	0.01679086685180664	0.023611222273083765	0.03473675437271595	0.011573415113469737
" GUM_whow_arrogant-48
_1"	0.0015406383604450041	0.00027871690690517426	0.0038057416677474976	-0.0024625668154349967	-0.010362178087234497	0.010661516108495347
" GUM_whow_arrogant-49
_1"	-6.428690147640415e-05	-0.01631714403629303	-0.01680249720811844	-0.03603277739250299	0.0009690374135971069	0.0052021931518208
" GUM_whow_arrogant-59
_1"	0.006018159647271995	-0.0023197010159492493	0.0019739046692848206	-0.006445264286252028	0.00156421959400177	0.006811373781723279
" GUM_whow_ballet-29
_1"	0.004716294678680288	0.0011181719601154327	-0.004374101758003235	-0.02209788881438346	-0.013373047113418579	0.030765111530907677
" GUM_whow_ballet-33
_1"	0.0008054263050106536	5.2638351917266846e-05	0.01155400276184082	0.005822949554948553	0.027945667505264282	0.00943104564098686
" GUM_whow_basil-17
_1"	0.002518608861899793	0.002340570092201233	-0.0014051757752895355	-0.007257191788856754	-0.004907958209514618	0.006634048794606523
" GUM_whow_basil-31
_1"	0.0008397607193278006	-0.0021091215312480927	0.04200005531311035	0.045875004180348844	-0.01121850311756134	0.018523496973017833
" GUM_whow_basil-51
_1"	0.0009004858089998041	-0.0035945922136306763	0.02780628204345703	0.03166844003022673	0.0518336147069931	0.009271123382294993
" GUM_whow_chicken-3
_1"	0.00018489657233556472	-0.00031318143010139465	-0.017248444259166718	-0.016820519495134634	-0.03449259698390961	-0.005272974047566888
" GUM_whow_chicken-4
_1"	0.0021683382318719788	-0.0010265540331602097	-0.007062405347824097	-0.007517877531017736	-0.032179176807403564	-0.001355488486588008
" GUM_whow_chicken-35
_1"	0.0026708076194554634	0.009654909372329712	0.03689461946487427	0.03615480844957242	-0.0069404542446136475	-0.01747452835791667
" GUM_whow_elevator-21
_1"	-0.021850515410924733	-0.002693966031074524	-0.15726012351093344	-0.16445470170909038	-0.11674784123897552	-0.033211661183714186
" GUM_whow_elevator-34
_1"	-0.019961382413814024	-0.022658273577690125	-0.2548242509365082	-0.23248355090618134	-0.495824933052063	-0.01927445808218585
" GUM_whow_elevator-35
_1"	-0.007317844566677584	0.0009517921134829521	0.0974288284778595	-0.06960183849397339	0.05330754350870848	-0.0071560324599120595
" GUM_whow_elevator-35
_2"	0.00098464189408657	0.0014519579708576202	0.01480606198310852	-0.015799691318921116	0.021984368562698364	0.0023457509672115406
" GUM_whow_elevator-36
_1"	0.007538734152658044	-0.0010970551520586014	-0.017852067947387695	-0.07509608471935436	-0.03598594665527344	0.10279878032290274
" GUM_whow_elevator-37
_1"	0.001978798549851238	-0.001318182796239853	0.0037176311016082764	0.007859434203609128	0.006114695221185684	0.011202215261402582
" GUM_whow_flirt-9
_1"	-0.0004482863370305207	0.0006110761314630508	-0.0382717102766037	-0.04168480283652365	-0.022840261459350586	0.011209601471383196
" GUM_whow_flirt-30
_1"	-0.0012460374741111863	-0.005873776972293854	-0.02340368926525116	-0.017827446455940033	-0.038930028676986694	-0.007967702151502429
" GUM_whow_flirt-30
_2"	0.00017426138953476403	-0.002790076658129692	-0.0025496184825897217	-0.004253524513864293	-0.003736555576324463	0.0028308633020368637
" GUM_whow_flirt-30
_3"	0.00014411819801130044	0.001030515879392624	-0.009990274906158447	-0.010868708640442204	-0.00836336612701416	0.0021421757354147947
" GUM_whow_flirt-33
_1"	-0.000841512057469733	0.0011146217584609985	-0.0013497322797775269	-0.0034532549358896603	-0.00965091586112976	0.0020095769296487875
" GUM_whow_flirt-46
_1"	0.004079550430919933	0.0008624568581581116	0.03167545795440674	0.02765374757863326	0.06330645084381104	1.0898075263776619e-05
" GUM_whow_flirt-50
_1"	-0.0016013913527798268	0.002279798500239849	0.004334017634391785	0.010898811732808156	-0.02589443325996399	-0.020035604968868678
" GUM_whow_glowstick-20
_1"	0.0005383800374094763	0.001987878233194351	-0.008956074714660645	-0.007754928259392502	-0.015859540551900864	0.003490758156686119
" GUM_whow_languages-29
_1"	-0.0038502311306839176	0.0011225882917642593	-0.033157214522361755	0.01644915562027538	-0.06258726865053177	-0.09379877089381669
" GUM_whow_languages-40
_1"	0.0007826531591527408	-0.006657589226961136	-0.0024271905422210693	-0.008384757979135737	-0.010837245732545853	-0.015072473580812845
" GUM_whow_languages-43
_1"	-0.0009329455994185679	-0.0009256750345230103	-0.0492870843606954	-0.04576980018907262	0.08640305697917938	-0.0044232405309856185
" GUM_whow_languages-46
_1"	-0.0008858213719241254	0.0005713477730751038	0.006213635206222534	0.002838077776901038	-0.004507742822170258	-0.009735586168244478
" GUM_whow_languages-47
_1"	0.006086415359112016	0.0007233805954456329	0.011005774140357971	-0.004629098738615278	-0.013897508382797241	0.006873608736152004
" GUM_whow_languages-60
_1"	0.01806170394062981	-0.0030624419450759888	0.0012351199984550476	-0.036263690235523116	0.0021681636571884155	0.010637465777496496
" GUM_whow_packing-27
_1"	-0.002386643998419022	0.0006083277985453606	-0.0018434897065162659	0.008961376862536174	-0.09506000578403473	-0.013108062838878609
" GUM_whow_parachute-8
_1"	-0.001145707817344667	0.01721249520778656	0.000408858060836792	0.0008808512513230893	0.018053755164146423	0.0038710553581133844
" GUM_whow_parachute-21
_1"	0.0017190570147405798	0.0005366113036870956	-0.0023765861988067627	-0.00447080129084465	-0.0035078618675470352	-0.003941216801563785
" GUM_whow_parachute-31
_1"	0.003116974692286417	-0.005407238379120827	-0.00010768324136734009	-0.018248105101405176	-0.023237332701683044	0.005713415803847377
" GUM_whow_parachute-32
_1"	-0.0003945741620286075	-0.0072063058614730835	-0.015049625188112259	-0.016407882196192713	-0.030099250376224518	0.006143890088424087
" GUM_whow_parachute-41
_1"	0.0027394905443435744	0.0009190849959850311	0.028169553726911545	0.018257545611411574	-0.027617372572422028	8.366484515268113e-05
" GUM_whow_procrastinating-14
_1"	-0.008929811725911424	0.004737818613648415	-0.005474597215652466	-0.019272774125520975	0.0008502248674631119	-0.03591062464130422
" GUM_whow_procrastinating-28
_1"	0.0020267909273579306	0.0014044884592294693	5.167722702026367e-05	0.0056735978295998635	0.0015055779367685318	0.0037350120894130145
" GUM_whow_quidditch-9
_1"	0.024653855755952955	0.012492462992668152	0.07811212539672852	0.03859348060055212	0.1429603099822998	0.02676962092518806
" GUM_whow_quidditch-28
_1"	-0.0018781401126633304	-0.0009163208305835724	0.0017643123865127563	0.00863862066011456	-0.014054745435714722	-0.001139077185703219
" GUM_whow_quidditch-30
_1"	0.0016637197453900215	-0.010237809270620346	-0.010432928800582886	-0.01989018101659079	0.02155262604355812	-0.011581109940177858
" GUM_whow_quidditch-47
_1"	0.011174571997164859	-0.001199444755911827	0.1534695065217977	0.15083989981933765	0.09461872838437557	0.0031741183483973145
" GUM_whow_quinoa-25
_1"	0.004117789859786225	-0.002826627343893051	0.00870918482542038	0.002374519928995289	0.01714704930782318	0.0011875543066046518
" GUM_whow_skittles-19
_1"	0.014625909688036093	-0.0004579499363899231	-0.033916663507842504	0.06837533533107487	-0.10839964635670185	0.014674320790384499
" GUM_whow_skittles-22
_1"	0.005574460300023856	-0.0017718933522701263	0.056865155696868896	0.0033662505172596946	0.1097787357866764	0.018239009341905046
" GUM_whow_skittles-42
_1"	0.001759641901586395	0.0002061743289232254	0.00027361512184143066	-0.006192937378017627	0.000557243824005127	-0.0016963200888743535
" GUM_whow_skittles-52
_1"	-0.0007308032451549956	-0.001979636028409004	-0.003052160143852234	-0.010945788113466581	-0.11943382769823074	0.007927277403605437
" GUM_whow_skittles-53
_1"	0.00210112928668639	-0.0010353513062000275	0.006683558225631714	0.008716251080234882	0.01202205941081047	0.00520686994457667
